gid,v1,v2,v3,v4,v5
1,1,0,-2,-1,-1
1,0,0,1,1,0
1,0,-2,0,2,0
1,-1,0,1,1,0
1,2,1,1,0,0
1,0,1,-1,-1,1
1,1,2,-2,-2,1
1,0,-1,3,-1,0
1,0,0,1,0,0
1,0,-1,-1,0,1
1,0,1,1,0,0
1,0,2,0,1,-1
1,1,1,0,0,1
1,0,0,0,2,-2
1,0,3,-2,1,0
1,0,0,0,0,0
1,-2,0,-1,0,1
1,1,1,-2,-2,0
1,-1,1,0,1,0
1,-1,0,1,0,2
1,1,0,1,0,1
1,0,0,0,-1,0
1,0,0,-1,3,1
1,1,-1,-1,-1,-1
1,0,-1,1,0,1
1,0,0,1,0,1
1,0,2,-1,-2,1
1,-1,-1,-2,2,-1
1,1,0,-1,2,1
1,-1,-1,-1,2,1
1,2,0,-2,1,1
1,1,0,1,-1,0
1,0,-2,-1,0,-1
1,1,-1,0,0,-1
1,1,0,-2,0,-2
1,-3,1,-1,1,0
1,2,-1,0,0,1
1,1,0,-1,0,2
1,0,-1,1,1,1
1,1,-1,2,1,-1
1,-1,-1,0,0,-1
1,1,-1,1,0,1
1,1,0,-1,0,1
1,0,0,-1,0,0
1,0,2,0,-1,1
1,2,-1,0,-1,0
1,0,0,0,-1,-1
1,0,0,-2,-1,1
1,-1,1,0,0,-1
1,1,0,1,1,0
1,-1,1,1,0,-1
1,0,-1,1,2,0
1,0,0,0,2,1
1,-1,-1,-2,-1,-1
1,0,0,-1,-1,-1
1,0,2,-1,1,-2
1,1,1,0,-1,0
1,0,0,0,2,1
1,-1,0,1,0,-1
1,2,0,-1,-1,0
1,-1,-1,0,0,0
1,0,-2,2,0,0
1,-1,-2,-1,0,0
1,0,-1,2,0,1
1,-1,-1,0,0,0
1,-1,-1,1,-1,-1
1,0,0,0,2,0
1,1,0,1,0,0
1,1,1,0,0,0
1,0,0,-1,1,2
1,-1,1,0,0,-1
1,2,-1,-1,1,1
1,1,-1,0,0,0
1,0,-1,0,0,-1
1,-1,1,0,-1,-1
1,0,0,2,-2,1
1,1,-3,-1,0,0
1,1,0,-1,1,-2
1,-2,1,-2,2,-1
1,0,-1,0,-1,0
1,1,0,-1,-1,0
1,-1,0,-1,-1,-2
1,0,1,0,1,0
1,-1,0,0,1,-1
1,-1,-1,-2,0,-1
1,2,-1,-1,1,1
1,1,2,0,1,0
1,2,3,0,-1,0
1,1,-1,0,1,-3
1,-1,-1,-1,-3,2
1,0,0,0,1,2
1,-1,1,0,1,-1
1,0,0,0,1,2
1,1,-1,0,-1,0
1,-3,1,1,2,1
1,-1,1,0,0,0
1,1,2,-1,0,1
1,0,0,0,-1,-1
1,-1,0,-1,1,1
1,-1,1,2,-1,2
1,-1,1,0,2,0
1,-1,-1,1,-1,2
1,0,-2,1,0,0
1,0,1,-1,0,-2
1,-1,1,0,1,-2
1,1,1,1,0,1
1,1,0,-1,-1,-1
1,0,-2,1,0,-1
1,0,0,1,2,1
1,0,-1,0,-1,2
1,0,0,1,0,-1
1,0,-2,1,0,0
1,0,0,-1,2,0
1,0,-1,0,0,-1
1,1,1,0,0,-1
1,1,-1,0,1,0
1,0,0,-1,2,0
1,-2,-2,1,0,-1
1,1,0,1,-2,-1
1,0,-1,1,-1,0
1,0,-1,1,0,0
1,-1,1,-1,1,1
2,3,4,1,4,4
2,4,4,4,1,0
2,3,4,3,1,0
2,3,4,3,2,1
2,3,3,2,3,3
2,3,3,2,4,4
2,3,4,3,2,0
2,4,3,2,4,4
2,4,3,2,4,4
2,3,3,2,2,0
2,2,3,3,1,1
2,3,4,3,1,1
2,4,3,2,3,4
2,3,2,1,4,4
2,2,3,3,1,1
2,4,3,2,5,4
2,3,3,3,1,0
2,3,3,2,4,4
2,3,4,3,2,1
2,4,3,2,4,5
2,3,4,4,1,0
2,2,3,3,2,1
2,4,3,2,3,4
2,2,4,3,2,0
2,1,4,1,3,4
2,3,2,2,4,5
2,0,4,2,3,5
2,3,4,2,2,0
2,3,4,3,2,0
2,3,3,3,2,1
2,4,3,2,5,5
2,4,3,2,4,5
2,2,3,2,4,4
2,3,4,3,1,0
2,2,4,3,2,0
2,2,3,4,2,0
2,3,3,2,3,3
2,2,3,3,1,1
2,2,3,4,2,0
2,3,3,3,1,0
2,3,4,2,4,5
2,3,4,4,2,0
2,4,3,2,4,4
2,3,3,1,4,4
2,3,4,2,4,4
2,4,4,2,3,4
2,3,4,2,4,4
2,2,4,3,2,1
2,3,4,3,2,0
2,3,3,2,3,4
2,3,3,1,4,4
2,3,3,3,1,1
2,2,4,3,2,0
2,2,4,4,1,0
2,3,4,3,2,0
2,3,3,3,1,0
2,1,3,2,4,4
2,3,3,1,4,5
2,3,4,3,1,1
2,3,4,3,2,0
2,2,4,4,2,0
2,3,3,3,1,1
2,4,3,4,2,0
2,3,4,2,4,4
2,3,4,3,1,1
2,3,3,1,4,4
2,2,3,3,1,0
2,3,3,2,5,4
2,0,4,2,4,3
2,3,3,2,3,4
2,2,4,3,2,0
2,3,3,3,2,0
2,2,4,3,1,0
2,2,3,4,1,1
2,5,3,3,4,4
2,4,3,2,4,4
2,4,3,2,4,4
2,3,4,2,5,4
2,2,4,3,2,2
2,3,4,3,1,0
2,3,4,2,3,4
2,3,3,3,5,4
2,3,3,3,2,0
2,2,4,3,2,0
2,3,2,2,4,4
2,3,4,2,4,4
2,2,3,3,3,0
2,3,3,3,2,0
2,2,4,3,1,0
2,3,3,2,3,4
2,3,3,3,1,0
2,3,4,3,2,0
2,3,3,3,1,0
2,4,3,2,4,5
2,3,3,2,4,5
2,4,3,2,4,4
2,2,4,4,2,0
2,3,3,2,1,1
2,3,3,2,4,4
3,4,3,2,4,3
3,2,3,2,5,5
3,4,3,1,3,4
3,4,3,2,4,4
3,3,3,2,4,4
3,4,2,1,4,4
3,3,3,1,4,4
3,3,3,3,4,5
3,3,3,2,4,5
3,3,3,2,4,5
3,3,3,2,4,4
3,4,3,2,4,4
3,3,3,2,4,4
3,3,3,2,4,4
3,0,4,2,4,4
3,3,3,2,4,4
3,4,3,2,4,4
3,4,2,3,4,4
3,0,4,2,4,4
3,4,3,2,4,5
3,3,3,2,4,4
3,3,4,3,3,4
3,4,3,3,4,4
3,3,3,2,4,4
3,3,3,2,3,4
3,3,4,3,2,0
3,2,3,3,2,0
3,3,4,1,4,4
3,4,2,1,4,6
3,2,4,3,2,0
3,2,4,4,1,-1
3,1,4,1,3,4
3,3,3,2,4,4
3,2,4,3,2,0
3,3,3,2,4,4
3,2,4,4,1,1
3,4,3,2,4,6
3,3,3,2,2,1
3,2,3,2,4,4
3,3,2,2,4,4
3,4,3,1,4,5
3,4,3,1,5,4
3,3,3,1,4,4
3,3,3,2,5,4
3,3,3,1,3,4
3,4,3,2,3,4
3,3,3,2,3,4
3,1,4,2,4,4
3,2,4,3,2,1
3,3,3,2,4,5
3,2,3,2,4,5
3,-1,4,1,4,4
3,4,3,1,4,5
3,1,4,2,3,4
3,4,3,1,4,5
3,2,3,1,3,5
3,4,2,2,4,5
3,3,3,3,4,5
3,3,4,2,4,4
3,4,4,3,3,5
3,3,3,2,4,3
3,3,3,2,4,4
3,4,3,3,4,5
3,4,3,2,5,4
3,2,3,3,2,0
3,3,3,1,4,4
3,4,3,3,3,4
3,3,3,1,4,4
3,4,4,2,4,4
3,3,3,2,5,4
3,3,3,1,4,4
3,3,3,1,4,4
3,3,2,1,4,4
3,3,3,2,4,4
3,1,4,2,3,4
3,3,3,2,4,5
3,3,3,1,4,3
3,4,2,2,5,5
3,3,3,2,4,4
3,0,4,2,3,4
3,3,4,3,1,0
3,2,2,2,4,4
3,4,3,2,3,5
3,0,4,1,3,4
3,3,3,1,4,4
3,3,3,2,4,4
3,0,5,1,4,4
3,4,3,2,4,4
3,3,3,3,4,4
3,3,3,2,3,4
3,4,3,2,3,5
3,2,4,2,3,3
3,2,3,3,1,0
3,4,3,2,4,4
3,3,3,2,4,5
3,4,3,2,3,4
3,3,3,2,3,4
3,4,3,2,4,4
3,3,4,2,4,4
3,4,3,2,5,5
3,4,3,2,3,4
3,3,3,1,5,5
3,0,4,2,3,4
3,3,3,2,3,5
4,3,3,3,3,5
4,4,3,2,4,4
4,3,3,2,3,3
4,1,4,2,3,4
4,1,5,2,3,4
4,3,3,2,4,5
4,3,3,2,4,5
4,0,4,1,3,3
4,4,4,2,5,4
4,1,4,1,3,3
4,3,4,2,3,3
4,0,4,1,3,3
4,1,4,1,3,4
4,4,3,2,3,5
4,2,3,2,4,5
4,1,4,1,3,4
4,2,3,1,4,4
4,4,3,2,5,3
4,3,3,1,4,4
4,1,4,2,3,4
4,0,4,1,4,4
4,0,4,1,3,3
4,3,3,3,4,3
4,3,4,1,3,4
4,0,4,1,4,4
4,4,3,2,4,4
4,4,3,2,4,4
4,3,2,2,4,3
4,1,5,1,3,4
4,0,4,1,3,3
4,2,3,2,4,4
4,2,3,1,4,4
4,3,3,3,4,3
4,1,4,1,3,4
4,0,5,2,3,4
4,1,4,1,3,5
4,1,5,1,3,5
4,3,4,2,4,4
4,3,3,2,4,4
4,3,3,1,4,4
4,3,3,1,5,5
4,3,3,2,4,5
4,4,3,2,4,4
4,0,4,2,3,4
4,4,3,2,4,4
4,1,4,2,3,3
4,3,3,3,2,0
4,3,4,2,4,4
4,3,3,2,5,5
4,4,3,2,3,3
4,3,3,2,5,4
4,4,3,2,4,4
4,3,3,3,4,5
4,1,4,1,3,4
4,4,3,2,5,5
4,1,4,2,3,3
4,3,3,2,4,5
4,3,4,2,4,5
4,3,2,2,4,4
4,0,4,1,3,4
4,1,4,1,4,4
4,1,3,2,3,4
4,3,3,2,4,5
4,3,3,2,5,4
4,1,4,1,3,3
4,3,3,1,4,4
4,0,4,1,3,4
4,0,4,1,3,4
4,3,3,3,4,4
4,1,4,1,3,4
4,1,4,2,3,4
4,3,3,2,3,4
4,4,3,2,4,4
4,3,3,2,4,5
4,3,3,2,3,5
4,4,4,2,4,5
4,3,3,3,4,4
4,3,3,3,4,4
4,3,3,2,4,4
4,1,4,1,4,3
4,0,3,1,3,4
4,0,4,1,2,4
4,1,4,1,3,4
4,4,3,2,4,4
4,2,3,3,3,4
4,3,3,2,5,3
4,0,5,1,3,4
4,4,3,2,3,4
5,3,3,2,3,4
5,1,5,1,2,3
5,4,3,2,4,4
5,4,4,1,3,4
5,0,4,1,2,3
5,1,3,2,3,3
5,0,4,1,4,4
5,0,4,2,2,4
5,3,4,2,4,4
5,0,4,1,3,4
5,3,2,3,2,0
5,3,4,2,4,5
5,4,3,2,3,5
5,0,4,1,5,3
5,3,3,2,3,4
5,2,3,3,1,0
5,4,3,2,4,4
5,3,3,2,4,4
5,0,4,1,3,3
5,0,3,2,3,4
5,1,4,2,3,4
5,3,3,1,4,4
5,4,3,2,4,4
5,1,4,1,3,3
5,3,3,2,4,5
5,1,4,2,3,4
5,4,2,3,4,4
5,3,3,2,3,4
5,3,2,2,3,5
5,1,4,2,4,4
5,3,3,2,4,4
5,4,3,1,5,4
5,3,3,3,4,4
5,0,5,2,3,3
5,4,3,2,4,4
5,4,4,2,4,4
5,1,4,2,4,3
5,3,3,2,4,5
5,3,4,2,3,4
5,4,4,2,4,4
5,1,4,1,4,4
5,2,3,2,5,4
5,1,4,1,3,4
5,3,3,2,3,4
5,2,3,2,4,4
5,4,3,2,5,4
5,0,3,2,4,4
5,3,3,2,3,5
5,4,4,2,3,4
5,0,5,2,3,4
5,0,5,2,3,3
5,1,4,2,3,3
5,3,3,2,4,3
5,4,3,2,3,5
5,3,3,1,3,5
5,1,5,2,3,3
5,0,5,2,3,4
5,1,4,2,3,4
5,0,5,2,3,3
5,3,4,1,4,4
5,4,3,2,3,5
5,3,4,1,4,4
5,0,4,2,3,4
5,3,3,2,4,4
5,3,4,2,4,4
5,3,3,3,4,4
5,3,3,3,4,4
5,0,4,2,3,4
5,4,3,2,4,4
5,4,3,2,4,4
5,1,4,1,3,5
5,0,4,1,4,3
5,0,4,2,3,4
5,1,4,2,3,4
5,0,5,2,4,4
5,1,4,1,3,4
5,3,4,2,4,4
5,3,3,2,4,5
5,1,4,1,3,4
5,4,3,2,4,5
5,0,4,2,4,4
5,1,4,2,3,4
5,4,2,3,4,4
5,4,3,3,4,4
5,3,3,2,4,4
5,3,4,2,3,4
5,3,3,2,4,4
5,3,3,1,4,4
5,3,4,2,4,4
5,3,3,2,3,5
5,0,4,1,3,4
6,2,4,2,3,0
6,3,3,3,4,4
6,1,5,1,3,4
6,3,3,2,3,3
6,3,3,2,4,4
6,3,3,2,4,4
6,3,3,2,4,4
6,1,4,1,3,3
6,0,4,1,3,3
6,4,3,1,5,4
6,3,3,1,3,4
6,1,4,1,3,3
6,3,3,2,4,4
6,3,2,2,5,4
6,3,3,2,4,5
6,0,4,1,3,4
6,1,4,1,3,4
6,1,4,1,2,3
6,1,4,3,3,4
6,3,3,1,4,4
6,3,3,2,4,5
6,3,3,2,4,4
6,3,3,2,4,4
6,3,3,2,4,3
6,1,3,2,3,4
6,1,4,2,3,3
6,4,4,2,4,4
6,3,4,2,4,4
6,1,4,1,3,4
6,3,3,3,4,4
6,4,3,2,4,5
6,3,2,2,3,5
6,2,3,3,2,0
6,4,3,2,4,4
6,3,2,2,4,4
6,1,4,1,3,5
6,3,3,2,3,4
6,3,3,2,4,4
6,3,4,2,4,4
6,1,4,3,3,4
6,3,2,2,4,4
6,4,4,2,4,4
6,3,2,1,4,4
6,1,4,1,3,4
6,0,5,2,4,3
6,0,4,2,4,4
6,0,4,1,3,4
6,1,4,1,3,4
6,4,3,2,5,4
6,1,4,1,4,4
6,1,4,1,4,3
6,0,5,1,3,4
6,1,3,1,3,3
6,3,3,2,4,3
6,1,5,2,3,3
6,4,4,2,4,4
6,2,3,2,4,4
6,3,4,2,3,4
6,3,3,3,4,4
6,3,3,2,4,5
6,4,3,2,4,4
6,4,2,2,3,5
6,2,3,3,1,1
6,1,5,1,3,4
6,4,2,1,4,4
6,0,4,1,3,4
6,4,3,2,4,5
6,1,4,2,4,4
6,1,4,3,3,4
6,1,5,2,4,4
6,3,3,2,4,5
6,3,3,2,4,4
6,3,3,2,4,4
6,4,4,2,4,4
6,0,4,2,3,3
6,3,3,2,4,5
6,3,3,2,4,4
6,3,3,2,4,4
6,1,4,2,3,3
6,3,2,2,4,4
6,1,5,2,3,3
6,0,4,1,3,4
6,1,4,2,3,4
6,4,3,2,4,5
6,4,4,2,4,5
6,3,3,2,4,5
6,0,4,3,3,4
6,2,4,2,4,4
6,4,3,2,3,5
6,0,4,2,2,4
6,1,4,2,3,4
6,4,3,2,3,5
6,3,3,2,4,4
6,3,3,1,4,4
6,4,3,2,4,4
6,1,4,2,3,4
6,1,3,1,3,4
7,3,4,3,2,1
7,1,4,1,2,4
7,0,4,1,4,3
7,3,3,3,2,1
7,0,4,1,3,4
7,2,4,3,2,0
7,0,4,1,3,4
7,2,3,3,2,0
7,2,4,3,2,0
7,2,3,4,2,0
7,2,3,4,2,0
7,2,3,3,1,-1
7,3,3,3,1,0
7,1,4,2,3,3
7,0,5,2,3,4
7,1,4,1,3,4
7,3,3,3,2,0
7,1,4,2,3,4
7,2,3,3,1,0
7,2,4,4,2,0
7,0,5,1,3,3
7,2,3,3,2,0
7,1,5,2,3,4
7,2,3,3,1,1
7,3,4,3,1,0
7,3,4,3,1,0
7,1,5,1,4,4
7,3,3,3,1,0
7,3,3,3,2,0
7,4,3,3,2,0
7,1,5,2,3,4
7,1,3,2,3,4
7,3,4,4,1,1
7,0,3,2,3,2
7,3,4,3,2,0
7,2,4,3,1,0
7,3,4,3,1,0
7,3,4,3,1,0
7,2,4,4,2,0
7,3,4,3,1,1
7,3,4,3,1,1
7,2,4,3,2,0
7,0,5,1,4,4
7,2,3,3,2,0
7,2,3,3,1,0
7,1,3,2,3,4
7,2,4,4,2,0
7,3,3,3,2,-1
7,2,4,4,2,1
7,3,4,3,2,0
7,3,3,3,1,0
7,3,4,2,1,0
7,1,4,1,4,5
7,1,4,2,3,4
7,0,4,2,5,3
7,2,4,3,1,-1
7,3,4,3,1,0
7,0,4,1,3,4
7,3,3,3,2,0
7,1,5,2,3,4
7,0,4,1,4,4
7,3,3,3,2,1
7,1,4,2,3,5
7,0,3,1,4,4
7,1,4,1,4,3
7,1,4,2,3,4
7,2,5,3,1,0
7,3,4,3,1,0
7,2,3,4,1,1
7,3,4,3,2,0
7,1,4,1,3,4
7,3,4,3,2,0
7,2,3,3,1,0
7,2,3,3,2,0
7,2,3,3,2,1
7,3,3,3,2,1
7,4,3,1,4,4
7,3,4,2,1,0
7,3,4,3,1,-1
7,3,4,4,1,0
7,2,4,4,3,0
7,3,4,3,1,0
7,0,4,2,3,4
7,3,4,3,1,0
7,0,5,1,3,4
7,1,3,1,4,4
7,0,4,1,4,3
7,3,3,3,1,0
7,0,4,2,3,4
7,2,4,3,2,0
7,2,4,3,2,1
7,2,4,4,2,0
8,2,4,3,1,0
8,3,3,3,1,0
8,2,3,3,2,0
8,3,3,2,1,0
8,3,4,3,1,1
8,0,3,1,3,5
8,2,3,3,1,0
8,3,4,2,2,1
8,0,4,0,3,4
8,3,3,3,1,1
8,3,3,3,1,0
8,2,3,3,2,0
8,0,4,2,4,3
8,4,3,2,4,4
8,3,4,4,1,0
8,1,4,2,4,3
8,3,4,3,1,0
8,3,3,4,2,0
8,1,4,1,3,3
8,3,4,3,2,1
8,4,4,3,1,0
8,3,4,2,2,1
8,2,4,3,1,0
8,2,3,3,2,0
8,0,4,2,3,4
8,2,4,4,1,1
8,3,4,2,1,1
8,1,3,1,3,3
8,0,4,2,3,5
8,2,4,3,1,1
8,2,4,3,2,-1
8,2,3,4,1,0
8,1,4,1,4,4
8,3,3,2,4,4
8,2,5,3,1,0
8,1,4,1,4,4
8,2,3,3,1,0
8,1,5,1,3,5
8,3,4,3,1,0
8,2,4,3,1,1
8,2,3,3,1,0
8,1,5,1,3,3
8,3,4,3,2,0
8,2,4,4,1,0
8,2,3,3,3,0
8,1,4,2,3,4
8,2,3,4,2,0
8,3,5,4,1,0
8,2,3,3,2,0
8,3,4,2,4,5
8,3,3,4,2,0
8,2,4,3,1,0
8,4,4,3,2,0
8,0,4,1,4,4
8,2,4,3,2,0
8,1,4,2,3,4
8,3,4,2,2,0
8,3,3,1,3,5
8,3,3,4,1,1
8,1,4,1,4,4
8,3,4,3,2,0
8,2,3,3,1,-1
8,2,3,3,2,0
8,3,4,3,2,0
8,0,4,1,3,4
8,3,4,4,2,0
8,2,3,3,3,0
8,3,4,3,1,1
8,4,3,3,1,0
8,0,5,1,4,4
8,3,4,4,1,1
8,1,4,2,3,4
8,1,4,3,1,1
8,2,3,3,2,0
8,1,4,1,3,4
8,3,3,4,2,0
8,3,4,4,1,0
8,3,4,3,1,1
8,2,4,4,1,0
8,2,4,3,2,0
8,0,4,1,4,4
8,3,4,3,2,1
8,3,5,3,2,1
8,3,4,3,2,1
8,3,4,4,1,0
8,2,3,3,1,-1
8,0,4,1,4,5
8,2,3,3,2,0
8,1,4,1,3,4
8,0,4,2,3,5
8,1,4,2,3,4
8,3,3,3,2,1
8,3,4,3,2,0
8,1,4,1,3,3
8,0,5,3,4,4
8,0,4,1,3,3
8,3,3,2,2,0
8,1,4,2,3,4
8,3,2,4,2,0
8,1,4,2,3,3
9,2,3,3,1,0
9,3,3,2,4,5
9,3,3,3,2,0
9,1,4,1,3,3
9,3,3,3,2,0
9,2,3,3,1,0
9,3,4,3,1,0
9,4,3,3,3,4
9,3,4,3,1,0
9,2,4,3,1,0
9,3,4,3,1,0
9,3,3,3,2,0
9,2,4,3,1,0
9,0,4,2,3,4
9,2,3,3,1,1
9,0,4,2,3,3
9,2,3,3,1,0
9,2,3,3,1,0
9,3,4,4,2,0
9,1,4,2,4,4
9,3,3,3,2,1
9,3,4,3,1,0
9,3,3,4,2,1
9,2,4,3,2,0
9,0,4,1,4,4
9,2,5,2,3,4
9,2,3,4,1,0
9,3,3,3,1,0
9,2,3,2,4,4
9,2,3,3,2,-1
9,3,4,3,1,1
9,1,4,1,4,4
9,2,4,3,2,1
9,2,4,3,1,0
9,3,3,4,1,0
9,2,3,3,2,1
9,2,4,4,2,1
9,2,3,2,1,1
9,1,4,1,3,4
9,3,4,3,2,0
9,3,4,3,2,0
9,2,4,3,1,0
9,1,4,2,3,4
9,2,4,4,2,0
9,3,3,3,1,1
9,3,3,2,4,5
9,3,4,3,2,0
9,1,4,2,3,3
9,3,3,2,1,0
9,3,4,3,1,0
9,3,3,4,2,0
9,3,3,3,2,0
9,3,4,3,2,0
9,0,4,2,3,4
9,3,4,3,2,-1
9,0,4,2,3,4
9,3,4,3,1,0
9,0,4,2,3,4
9,3,3,3,1,0
9,0,3,2,3,4
9,2,3,3,1,0
9,3,4,2,2,0
9,0,4,2,3,4
9,0,5,1,3,4
9,3,3,4,1,0
9,1,4,2,3,4
9,3,4,4,1,0
9,2,3,4,2,-1
9,2,3,3,2,0
9,3,3,4,1,-1
9,3,3,3,2,0
9,3,3,4,1,0
9,0,4,1,3,4
9,1,3,4,2,1
9,3,4,3,2,0
9,2,4,4,2,-1
9,1,3,1,4,3
9,2,4,3,1,0
9,2,3,3,2,1
9,0,5,1,4,3
9,3,4,3,2,0
9,2,4,3,1,1
9,2,4,3,1,1
9,2,3,3,1,0
9,0,4,2,3,4
9,2,3,3,1,0
9,2,3,2,2,1
9,1,4,1,2,4
9,3,3,3,2,1
9,3,4,3,2,0
9,2,4,3,2,0
9,3,3,3,1,1
9,3,3,3,2,0
9,3,3,4,2,0
9,2,3,3,2,1
9,3,3,2,4,3
10,2,4,3,1,0
10,1,4,2,4,4
10,2,2,3,2,0
10,3,3,2,4,5
10,3,3,3,1,1
10,1,4,1,3,4
10,0,4,1,3,3
10,3,4,4,1,1
10,2,4,3,2,-1
10,0,4,1,3,4
10,3,3,4,2,0
10,3,3,3,1,0
10,3,3,3,2,0
10,2,3,4,1,0
10,2,3,3,1,0
10,3,3,3,2,1
10,3,5,3,1,1
10,2,4,2,1,0
10,2,3,3,2,-1
10,3,3,4,1,1
10,2,3,3,2,0
10,1,3,2,2,3
10,3,4,3,2,0
10,3,3,4,2,1
10,4,3,3,2,0
10,2,4,3,2,0
10,2,3,2,1,0
10,1,4,1,4,4
10,0,4,1,3,5
10,3,3,3,1,0
10,3,3,3,2,1
10,3,4,3,2,0
10,0,4,2,3,4
10,2,4,2,1,1
10,1,4,2,4,4
10,3,4,3,2,0
10,3,3,3,1,0
10,3,3,4,1,0
10,3,3,3,2,0
10,3,4,2,2,1
10,3,4,3,1,1
10,1,5,2,3,4
10,3,4,3,2,0
10,2,4,3,2,1
10,3,3,3,1,0
10,3,4,2,4,5
10,0,4,1,4,4
10,0,4,2,4,4
10,0,4,2,3,4
10,0,3,2,3,4
10,3,3,3,1,0
10,3,4,4,2,1
10,3,3,4,1,0
10,1,4,2,3,3
10,1,4,1,3,5
10,3,4,3,2,0
10,0,4,1,3,3
10,-1,4,2,3,4
10,1,4,1,3,4
10,1,4,2,3,4
10,3,3,3,2,0
10,3,3,3,0,0
10,3,4,4,2,0
10,3,4,4,2,1
10,3,4,3,1,0
10,2,4,3,2,0
10,3,4,3,2,0
10,2,4,3,2,1
10,4,4,3,3,0
10,3,3,4,2,0
10,4,3,4,1,1
10,1,4,1,3,4
10,0,4,2,3,4
10,3,3,3,1,1
10,1,3,2,3,3
10,1,4,2,3,4
10,0,4,1,4,4
10,3,3,3,2,0
10,2,4,3,2,1
10,3,3,4,1,1
10,3,3,3,2,0
10,2,3,3,2,0
10,0,4,2,4,5
10,3,4,3,2,1
10,3,4,4,2,1
10,3,3,2,4,3
10,3,3,4,1,0
10,2,4,3,1,0
10,1,4,1,3,3
10,3,3,4,1,0
10,0,3,1,4,4
10,3,3,3,2,0
10,2,3,3,2,0
10,0,4,2,3,5
10,2,3,3,1,0
10,1,4,2,3,4
10,0,4,2,3,4
10,3,2,2,2,0
10,3,4,3,2,0
10,3,3,3,1,0
10,0,4,2,3,4
10,1,4,2,3,4
10,1,4,2,3,4
10,3,4,3,2,0
10,2,4,3,1,0
10,3,4,3,2,0
10,2,2,3,2,0
11,0,5,2,4,3
11,3,3,2,3,4
11,3,4,2,3,4
11,1,4,2,3,4
11,0,5,1,3,4
11,3,4,3,4,4
11,4,3,2,4,5
11,3,3,2,4,4
11,0,4,2,4,4
11,4,3,1,3,4
11,3,4,2,4,4
11,3,3,2,4,4
11,3,3,3,4,4
11,4,3,2,4,4
11,3,3,2,4,5
11,3,4,2,4,4
11,1,5,2,3,4
11,3,2,1,5,5
11,3,3,2,3,4
11,3,3,2,3,4
11,4,3,3,3,4
11,1,4,1,3,4
11,1,4,1,4,4
11,1,3,1,3,4
11,0,5,1,3,4
11,4,3,2,4,4
11,3,4,2,4,4
11,3,3,3,3,5
11,1,4,2,4,4
11,4,3,2,4,4
11,3,3,2,4,4
11,4,3,2,4,5
11,1,5,2,3,4
11,3,2,2,5,4
11,4,4,3,4,3
11,3,3,1,4,4
11,3,4,2,3,4
11,4,3,2,4,4
11,4,4,2,4,4
11,3,3,2,4,4
11,0,4,2,3,3
11,1,4,2,3,4
11,0,4,2,3,3
11,1,4,2,4,4
11,1,5,1,4,3
11,0,4,2,4,4
11,3,3,2,4,4
11,1,4,2,3,4
11,1,5,2,3,4
11,3,3,2,4,4
11,2,4,3,1,-1
11,3,3,2,4,5
11,0,4,2,4,4
11,4,3,2,3,4
11,0,4,2,3,4
11,2,3,2,4,5
11,3,4,3,4,4
11,4,3,2,4,5
11,3,3,3,4,4
11,3,3,2,3,4
11,3,3,2,4,4
11,0,4,2,3,4
11,3,3,3,4,4
11,3,3,2,4,5
11,4,3,2,3,4
11,4,4,3,4,5
11,1,4,2,3,4
11,4,3,2,4,4
11,4,3,3,4,4
11,3,4,1,4,4
11,3,3,1,4,4
11,2,3,3,2,0
11,4,3,2,3,4
11,3,4,2,4,5
11,4,4,2,4,4
11,0,3,2,3,4
11,3,3,1,4,4
11,3,4,3,2,0
11,0,4,1,3,4
11,4,4,2,4,5
11,3,2,3,4,5
11,3,3,3,3,4
11,2,3,2,3,4
11,0,4,2,3,4
11,1,4,1,3,4
11,0,4,2,3,3
11,3,3,2,5,5
11,0,5,2,3,4
11,1,4,1,3,4
12,3,3,2,5,5
12,3,3,2,4,4
12,0,4,1,3,4
12,2,2,2,4,4
12,0,4,2,4,3
12,3,3,3,4,4
12,3,3,2,4,4
12,3,3,1,4,4
12,3,3,2,3,5
12,3,2,2,4,4
12,3,4,2,4,5
12,1,4,1,4,4
12,0,4,2,3,2
12,4,3,2,4,4
12,3,3,3,4,4
12,1,4,1,3,4
12,3,3,2,4,4
12,1,5,2,3,4
12,1,4,2,3,4
12,3,3,2,3,4
12,1,4,1,4,4
12,4,3,1,5,4
12,0,4,2,3,5
12,3,3,1,4,5
12,1,4,2,3,3
12,1,5,1,3,4
12,4,4,1,4,4
12,1,5,2,3,4
12,1,4,1,3,4
12,1,4,1,3,4
12,0,5,1,3,5
12,3,3,2,4,5
12,0,3,1,3,5
12,3,3,3,4,4
12,2,3,3,1,0
12,1,4,1,3,4
12,3,3,2,4,4
12,3,3,2,4,4
12,2,5,1,4,3
12,1,4,2,2,3
12,4,4,3,4,4
12,1,4,1,3,4
12,0,5,1,3,5
12,3,2,2,4,5
12,0,4,2,3,5
12,3,3,2,3,4
12,4,3,2,3,4
12,2,4,2,4,4
12,4,3,2,4,5
12,1,5,1,3,4
12,4,4,2,4,4
12,3,4,3,1,0
12,4,3,2,4,4
12,3,3,2,2,4
12,3,3,2,4,4
12,1,5,2,3,4
12,0,5,2,3,4
12,3,3,2,4,4
12,1,4,1,3,4
12,3,3,2,4,4
12,-1,4,1,2,4
12,3,3,1,4,4
12,1,5,1,4,4
12,1,3,1,3,4
12,3,3,2,4,4
12,3,3,2,4,4
12,0,5,2,4,3
12,1,4,2,3,4
12,0,4,2,3,4
12,5,4,2,4,3
12,3,3,1,4,4
12,3,2,2,4,4
12,4,2,2,3,4
12,3,4,3,3,4
12,4,3,2,3,4
12,1,3,2,3,4
12,3,3,2,4,5
12,3,3,2,3,5
12,4,3,3,4,4
12,4,4,2,4,4
12,4,3,1,4,4
12,0,3,1,3,4
12,0,4,1,3,4
12,4,3,2,4,4
12,1,5,2,3,4
12,4,3,2,4,5
12,1,5,2,3,4
12,1,4,2,2,3
12,3,4,2,4,5
12,4,3,2,4,4
12,4,3,2,4,5
12,3,4,2,4,4
12,1,5,2,3,4
12,4,3,2,4,4
12,0,4,1,3,3
12,3,3,2,3,4
12,3,3,1,4,4
12,4,3,2,3,4
12,1,4,2,3,4
12,3,3,2,4,4
12,3,3,2,4,4
12,1,4,1,3,4
12,0,4,2,3,4
12,3,3,2,4,5
12,0,4,2,4,4
12,3,3,2,4,4
12,2,3,2,4,4
13,3,2,2,3,4
13,1,4,1,3,4
13,3,3,2,4,4
13,-1,4,1,3,4
13,3,3,2,4,3
13,4,3,3,4,4
13,4,4,2,3,5
13,1,4,2,3,4
13,3,3,2,4,4
13,3,4,2,5,4
13,1,3,1,3,4
13,1,5,1,3,4
13,4,2,2,4,4
13,1,5,2,4,4
13,4,3,2,4,4
13,3,3,2,3,4
13,4,4,2,4,4
13,1,4,1,3,4
13,4,3,2,4,4
13,3,2,2,4,5
13,3,3,2,4,5
13,4,3,2,4,4
13,1,3,2,3,4
13,3,3,1,3,4
13,1,5,1,4,4
13,3,3,2,3,4
13,4,3,2,4,4
13,0,4,2,4,3
13,3,3,2,3,4
13,3,3,1,4,4
13,1,4,2,3,4
13,4,3,2,4,3
13,3,3,2,4,5
13,3,3,1,4,4
13,0,4,1,3,3
13,1,3,2,3,4
13,4,3,2,4,3
13,3,3,2,4,4
13,3,2,2,4,4
13,3,3,2,4,5
13,3,4,2,4,5
13,4,2,1,4,5
13,1,4,2,3,3
13,4,3,3,4,5
13,1,4,1,3,3
13,3,3,2,4,5
13,3,4,2,4,4
13,3,3,1,4,5
13,3,3,2,5,4
13,1,5,1,4,4
13,4,3,2,4,5
13,4,3,1,4,5
13,1,4,1,3,4
13,3,3,2,5,4
13,1,4,1,3,4
13,3,3,3,3,4
13,3,2,2,4,5
13,3,3,2,4,4
13,4,2,1,4,4
13,0,4,2,4,3
13,4,3,2,4,4
13,3,3,2,4,4
13,1,5,2,3,4
13,1,4,1,3,4
13,0,5,2,3,3
13,0,4,2,4,3
13,1,4,1,3,4
13,1,5,2,3,4
13,0,4,1,3,4
13,3,3,2,3,5
13,3,3,2,4,4
13,3,4,3,2,0
13,3,4,2,4,5
13,4,3,2,4,4
13,3,3,2,4,4
13,3,3,2,4,4
13,3,3,3,3,4
13,3,3,3,2,0
13,3,3,2,4,5
13,3,3,2,3,5
13,3,2,2,4,3
13,0,4,2,4,4
13,3,3,3,4,3
13,0,4,1,3,4
13,1,5,1,3,4
13,3,3,3,3,4
13,2,3,1,4,4
13,1,4,1,4,3
13,1,4,1,3,3
13,0,5,2,4,4
13,4,4,3,3,4
13,3,3,3,3,5
13,3,3,2,4,4
13,0,5,2,3,4
13,3,3,2,4,4
13,3,4,2,3,5
13,0,4,1,3,3
13,1,4,2,4,4
13,3,3,2,4,5
13,3,3,2,3,4
13,2,3,2,4,4
13,3,3,2,3,3
13,4,3,3,3,5
13,4,3,2,4,3
13,4,3,2,4,4
13,1,5,2,3,4
13,4,3,2,3,4
13,3,3,2,4,5
13,0,4,2,3,4
13,4,4,2,4,3
14,1,4,1,4,4
14,3,4,3,2,0
14,3,4,3,3,0
14,0,4,1,3,4
14,2,4,3,2,0
14,3,4,3,2,0
14,4,3,3,3,0
14,0,3,2,4,5
14,1,4,1,3,4
14,0,4,1,4,4
14,3,4,3,2,1
14,3,3,3,1,0
14,3,3,4,1,0
14,3,3,3,2,0
14,3,4,2,2,1
14,2,4,2,2,0
14,3,4,3,2,0
14,2,4,3,2,0
14,4,4,3,2,1
14,2,3,3,1,1
14,3,4,3,1,1
14,2,4,3,2,0
14,2,4,4,2,-1
14,3,4,3,2,1
14,0,3,1,3,4
14,3,3,3,2,0
14,3,3,3,1,0
14,1,4,2,3,4
14,0,4,1,2,4
14,3,4,3,2,1
14,3,4,3,2,1
14,3,4,3,1,0
14,2,4,4,1,1
14,3,4,3,0,0
14,3,4,4,2,0
14,2,3,3,2,1
14,1,3,4,2,1
14,2,3,3,1,0
14,3,4,4,1,0
14,3,4,2,2,0
14,0,4,2,2,4
14,0,4,1,3,4
14,3,3,4,1,1
14,2,4,3,2,-1
14,1,4,2,3,3
14,0,5,2,3,3
14,2,4,3,1,1
14,3,4,4,2,0
14,1,4,1,4,3
14,0,4,2,4,4
14,0,4,1,4,4
14,3,4,4,2,1
14,2,4,3,1,0
14,3,3,2,3,5
14,2,4,3,1,0
14,1,4,1,4,4
14,2,4,3,1,0
14,1,5,1,3,4
14,3,4,2,2,1
14,0,4,1,3,4
14,2,4,3,2,-1
14,1,5,1,3,4
14,2,3,2,4,3
14,0,4,1,4,3
14,3,4,3,1,0
14,3,3,4,1,-1
14,3,4,2,1,0
14,0,6,1,3,5
14,1,4,1,3,4
14,0,4,1,3,4
14,3,4,3,1,1
14,3,3,3,2,0
14,2,3,3,2,0
14,3,4,3,1,0
14,3,4,3,2,-1
14,1,4,2,3,3
14,3,3,3,1,1
14,1,4,3,3,4
14,3,4,3,1,1
14,0,4,1,4,4
14,3,4,3,2,0
14,0,4,2,4,3
14,1,5,2,3,3
14,3,3,3,1,0
14,0,3,1,3,3
14,1,4,2,3,4
14,2,3,3,2,-1
14,0,5,2,3,4
14,3,3,2,4,5
14,3,3,4,2,0
14,3,4,3,1,0
14,2,3,2,1,1
14,3,4,3,2,0
14,1,4,1,3,3
14,2,5,3,1,0
14,2,4,2,1,0
14,0,4,1,3,4
14,3,4,3,0,1
14,1,3,2,4,5
14,3,3,3,1,0
14,1,4,2,3,4
14,3,4,3,1,0
14,3,4,4,1,0
14,2,3,3,1,0
14,4,3,2,4,5
15,3,3,2,4,4
15,0,4,1,4,4
15,3,3,2,4,4
15,0,5,1,3,4
15,3,3,2,4,4
15,3,4,2,4,4
15,3,3,3,4,5
15,1,5,1,3,4
15,3,3,2,4,4
15,4,3,1,4,5
15,3,4,2,3,4
15,4,3,2,4,5
15,0,4,1,4,4
15,0,5,2,3,4
15,1,4,2,3,4
15,3,4,2,4,4
15,3,3,1,4,4
15,4,3,2,4,5
15,0,5,1,3,4
15,3,3,2,3,5
15,4,3,2,4,4
15,3,3,2,4,4
15,1,4,1,4,4
15,0,4,2,3,3
15,3,3,2,4,5
15,1,4,2,3,4
15,4,3,2,4,5
15,0,5,2,3,4
15,3,3,3,4,5
15,2,4,2,4,4
15,1,4,2,3,3
15,3,3,2,4,5
15,4,4,2,3,4
15,1,4,2,3,4
15,1,5,1,4,3
15,0,4,1,3,4
15,0,5,1,3,4
15,0,4,1,4,4
15,3,4,2,4,3
15,3,3,2,4,4
15,4,3,1,4,5
15,0,4,1,3,3
15,3,3,3,4,4
15,3,3,2,4,4
15,0,4,2,3,4
15,3,4,3,4,4
15,3,4,2,4,5
15,4,3,3,3,5
15,3,4,4,2,0
15,3,3,2,4,4
15,1,5,2,3,4
15,3,3,2,4,5
15,3,3,2,4,4
15,0,5,2,4,4
15,4,3,2,3,4
15,3,3,2,4,4
15,3,4,3,1,1
15,0,5,1,4,4
15,4,3,1,4,4
15,3,4,2,4,5
15,3,3,2,4,5
15,3,2,2,4,4
15,3,3,2,4,4
15,0,4,2,3,3
15,4,3,2,3,4
15,0,4,2,3,4
15,4,2,3,4,4
15,0,4,2,3,4
15,0,4,2,3,4
15,3,3,2,3,4
15,4,3,1,3,5
15,3,3,2,3,5
15,3,2,2,3,5
15,4,3,2,4,5
15,3,4,2,4,4
15,0,4,2,3,4
15,1,4,1,4,4
15,0,4,1,4,4
15,1,3,1,4,4
15,3,3,2,4,5
15,4,4,2,4,4
15,4,3,2,4,5
15,0,4,2,4,4
15,3,4,2,4,5
15,3,3,2,4,4
15,3,3,3,3,0
15,3,3,2,4,4
15,4,3,2,4,4
15,0,5,1,4,3
15,0,4,1,4,4
15,1,4,2,3,3
15,4,3,2,5,3
15,3,3,3,2,0
15,1,4,0,3,3
15,3,3,2,4,5
15,4,4,2,3,4
15,2,4,2,4,5
15,1,4,1,3,5
15,4,3,2,4,4
15,4,4,1,4,5
15,4,3,1,4,3
16,4,3,2,4,4
16,3,4,2,4,4
16,1,4,2,3,4
16,3,3,2,4,5
16,3,3,3,4,4
16,4,3,2,4,4
16,1,3,2,4,4
16,3,4,2,4,4
16,3,3,2,4,4
16,3,2,2,3,4
16,0,5,1,4,4
16,3,3,2,4,4
16,0,4,1,3,4
16,3,3,2,4,5
16,0,4,1,3,3
16,1,3,1,2,5
16,3,3,2,3,3
16,4,4,2,5,4
16,1,4,2,3,5
16,3,4,3,4,5
16,1,3,1,4,3
16,4,3,2,5,4
16,3,3,2,4,4
16,3,3,1,3,4
16,2,4,3,2,-1
16,4,3,2,4,4
16,3,3,2,4,4
16,3,4,1,4,5
16,3,3,2,4,4
16,3,3,2,4,4
16,1,4,2,2,4
16,3,3,2,4,4
16,4,3,2,4,4
16,3,3,2,4,4
16,4,2,2,4,4
16,4,3,2,4,5
16,3,3,2,4,5
16,4,3,2,4,5
16,3,3,2,5,4
16,3,3,2,4,3
16,4,2,2,4,5
16,0,3,2,3,4
16,3,4,2,1,0
16,1,4,2,3,4
16,3,4,2,4,4
16,4,2,2,4,4
16,3,3,2,4,3
16,4,3,1,4,4
16,1,4,2,3,4
16,3,4,2,4,3
16,3,3,2,4,5
16,1,4,1,4,4
16,3,3,2,4,5
16,4,3,2,4,5
16,3,4,2,4,4
16,4,3,1,4,4
16,0,3,1,3,4
16,4,3,2,4,5
16,3,3,2,3,4
16,1,4,1,3,3
16,4,3,3,4,5
16,3,3,2,4,3
16,3,4,2,5,5
16,1,4,2,3,3
16,4,3,1,4,4
16,2,3,2,4,4
16,0,4,2,3,5
16,4,3,2,4,5
16,3,4,2,4,4
16,0,4,1,3,4
16,3,4,2,5,4
16,4,3,1,4,4
16,3,4,3,4,4
16,3,3,2,4,4
16,4,3,2,4,4
16,4,3,1,5,4
16,3,3,1,5,5
16,5,4,2,4,4
16,1,3,2,3,5
16,4,3,2,4,5
16,4,2,2,4,4
16,4,3,2,4,4
16,2,4,3,2,1
16,1,4,1,3,3
16,3,3,2,3,4
16,1,4,2,3,4
16,3,3,2,4,4
16,0,4,1,4,3
16,1,4,2,4,4
16,3,3,3,4,5
16,0,4,2,4,3
16,1,4,1,4,4
16,3,3,2,4,4
16,3,2,2,4,4
16,1,3,2,4,4
16,3,3,3,4,4
16,3,3,3,3,5
16,3,3,2,4,4
16,4,2,1,3,5
16,0,5,2,4,3
16,3,3,2,4,5
16,4,4,1,4,4
16,3,3,2,3,4
16,4,3,2,3,4
16,3,3,2,4,4
17,4,3,3,4,5
17,3,3,2,4,3
17,0,4,2,2,4
17,3,3,2,4,4
17,3,4,1,3,4
17,3,3,2,4,4
17,1,4,2,4,3
17,3,4,2,4,4
17,0,4,1,4,4
17,-1,3,1,4,4
17,4,3,2,4,4
17,3,3,2,3,6
17,1,5,1,4,4
17,3,3,2,3,4
17,3,2,2,4,4
17,4,4,2,4,3
17,4,3,3,4,4
17,3,2,3,3,4
17,1,4,1,3,4
17,1,5,2,4,5
17,4,3,2,3,5
17,3,3,2,5,5
17,3,3,2,3,4
17,3,4,3,1,0
17,1,4,1,3,5
17,2,3,2,5,4
17,1,4,2,3,3
17,1,4,2,3,3
17,3,3,2,3,3
17,3,3,2,4,4
17,4,3,2,4,5
17,0,4,1,4,4
17,3,3,2,4,4
17,3,3,2,4,4
17,4,3,2,4,4
17,1,4,1,2,4
17,3,3,2,3,4
17,3,3,2,4,4
17,1,4,2,3,3
17,2,3,2,4,4
17,1,4,2,3,4
17,0,4,1,3,4
17,3,3,2,3,5
17,4,4,2,4,5
17,4,3,2,4,4
17,1,4,1,3,4
17,3,3,2,4,4
17,3,3,2,4,5
17,3,4,2,3,5
17,3,3,2,3,3
17,3,3,3,3,4
17,0,4,1,3,4
17,4,3,2,4,5
17,3,3,2,4,4
17,4,3,2,5,4
17,1,5,1,3,4
17,3,4,2,4,4
17,3,3,2,4,4
17,2,3,2,5,5
17,1,4,2,3,4
17,1,5,1,3,4
17,3,3,2,4,4
17,1,5,2,3,4
17,3,3,3,5,4
17,4,3,2,3,4
17,3,3,2,4,4
17,3,3,2,4,5
17,0,4,2,4,4
17,3,4,2,4,4
17,3,3,3,4,4
17,1,4,2,3,4
17,3,4,2,3,4
17,0,3,1,4,3
17,3,3,2,4,4
17,3,3,2,4,4
17,4,3,2,5,4
17,3,3,2,4,4
17,3,3,2,3,4
17,3,3,2,5,5
17,3,4,2,4,5
17,4,4,1,4,4
17,4,3,2,4,4
17,3,3,2,3,5
17,3,3,2,4,4
17,4,3,2,3,4
17,3,3,3,2,0
18,3,4,3,1,0
18,2,4,3,1,0
18,0,4,2,3,3
18,2,4,3,1,0
18,2,4,4,1,0
18,3,4,3,2,0
18,2,4,2,2,0
18,1,4,1,3,4
18,3,2,3,1,0
18,2,5,2,1,0
18,2,4,1,4,4
18,2,4,3,2,0
18,2,3,4,2,0
18,0,5,1,4,4
18,2,3,3,1,1
18,3,3,1,3,5
18,2,3,3,2,0
18,3,4,3,2,0
18,3,3,2,2,0
18,2,3,2,3,4
18,2,4,3,2,0
18,2,4,3,1,1
18,2,3,3,1,0
18,3,4,3,2,1
18,1,4,2,3,5
18,3,4,4,2,0
18,1,4,1,4,4
18,3,4,3,2,0
18,2,4,4,1,0
18,3,3,3,2,1
18,2,3,4,2,0
18,0,5,1,3,3
18,1,4,1,4,3
18,3,3,3,1,0
18,2,4,4,2,0
18,2,4,3,2,1
18,3,3,3,1,0
18,2,3,4,2,0
18,3,3,2,2,0
18,1,4,2,4,3
18,3,4,3,2,0
18,3,3,3,2,1
18,2,4,3,2,0
18,1,4,1,4,4
18,3,3,3,1,0
18,0,3,1,3,4
18,3,5,4,1,1
18,2,4,4,2,-1
18,3,3,3,1,0
18,2,4,4,1,0
18,1,4,1,4,4
18,2,3,3,1,0
18,4,3,2,3,3
18,3,4,3,2,1
18,0,4,2,2,4
18,0,5,1,3,3
18,0,5,2,4,4
18,2,4,4,2,0
18,1,4,1,3,4
18,1,4,2,2,3
18,2,4,3,2,1
18,3,4,4,2,0
18,1,5,2,3,4
18,2,4,2,2,0
18,1,3,2,1,0
18,2,3,3,1,-1
18,2,4,3,2,0
18,3,3,3,3,1
18,2,3,3,2,0
18,3,3,3,2,0
18,2,4,3,2,0
18,2,4,3,2,0
18,1,5,1,4,4
18,3,4,3,1,-1
18,3,4,4,2,0
18,3,4,4,2,1
18,3,3,3,2,0
18,0,3,2,3,4
18,0,4,0,4,4
18,3,3,3,1,-1
18,3,4,3,1,-1
18,3,3,3,1,1
18,2,4,3,2,1
18,1,3,1,4,4
18,0,3,2,3,3
18,3,4,4,2,-1
18,3,3,4,2,1
18,3,4,3,1,1
18,2,3,3,2,1
18,3,3,2,4,4
18,3,2,2,2,0
18,3,5,3,1,0
18,3,3,3,2,1
18,0,4,2,4,4
18,3,4,3,1,0
18,3,5,3,1,0
18,3,4,3,2,0
18,3,3,3,2,1
18,2,3,3,2,0
18,3,4,3,2,1
18,2,3,2,2,0
18,2,3,4,2,1
18,3,3,3,2,0
18,3,3,3,2,0
18,2,5,2,2,1
18,0,5,2,4,4
18,2,4,3,1,0
18,2,4,3,1,0
18,1,3,1,4,4
18,3,3,4,1,0
19,0,4,2,4,4
19,1,4,2,3,4
19,0,4,1,3,5
19,3,3,3,2,0
19,0,4,2,5,4
19,0,4,0,4,4
19,3,4,2,2,1
19,1,5,1,3,3
19,3,4,3,1,1
19,3,4,3,1,0
19,3,3,3,2,0
19,3,3,3,1,1
19,2,3,3,1,1
19,0,5,1,3,5
19,1,5,2,3,3
19,1,5,1,3,4
19,1,4,2,3,4
19,2,5,3,2,1
19,2,3,3,1,0
19,3,3,2,4,4
19,2,3,3,3,0
19,3,3,4,2,-1
19,3,3,3,2,1
19,2,3,3,1,1
19,3,4,3,2,1
19,3,3,4,1,0
19,3,4,3,1,0
19,3,4,3,2,-1
19,3,3,3,1,1
19,3,4,3,2,-1
19,3,3,2,1,1
19,3,3,3,1,0
19,0,4,1,4,4
19,3,4,3,2,0
19,3,3,2,1,0
19,4,4,4,1,0
19,3,4,4,2,0
19,2,4,3,1,0
19,3,4,4,1,0
19,2,4,3,1,0
19,3,4,3,2,0
19,2,4,3,2,0
19,3,3,3,2,0
19,4,3,3,1,1
19,1,4,2,4,4
19,3,3,3,2,0
19,1,5,1,3,4
19,0,4,2,4,4
19,2,3,3,2,0
19,3,4,3,1,1
19,3,4,2,4,4
19,2,4,2,3,4
19,3,3,3,2,0
19,3,3,3,2,1
19,2,4,3,2,0
19,1,4,2,4,4
19,3,3,3,2,1
19,3,3,3,1,-1
19,3,4,4,2,0
19,3,3,3,2,0
19,1,4,2,3,3
19,1,4,2,3,4
19,3,4,4,2,0
19,2,4,4,2,0
19,3,4,4,2,1
19,2,3,3,1,0
19,3,3,3,2,-1
19,1,4,2,3,3
19,2,3,3,2,1
19,1,3,2,3,4
19,1,4,1,3,4
19,3,4,4,2,0
19,3,3,4,1,0
19,2,3,3,1,0
19,3,3,3,2,0
19,0,4,2,3,4
19,3,3,2,1,1
19,3,3,3,1,1
19,3,4,3,1,0
19,0,4,1,3,4
19,1,4,1,3,5
19,2,2,3,2,0
19,3,3,4,2,0
19,3,4,3,1,1
19,2,3,3,2,0
19,1,4,2,3,3
19,4,4,3,1,0
19,3,4,3,2,1
19,3,3,1,4,4
19,0,4,1,4,4
19,1,5,2,4,3
19,1,5,2,3,4
20,0,4,1,3,4
20,0,4,1,4,4
20,3,3,3,1,0
20,2,4,3,1,0
20,0,4,2,3,3
20,3,3,3,2,0
20,3,3,2,4,4
20,0,4,2,4,4
20,1,4,1,3,3
20,1,4,1,3,4
20,3,4,3,1,0
20,2,4,3,1,1
20,1,3,1,4,4
20,3,4,2,4,4
20,1,4,1,3,3
20,2,5,3,2,0
20,1,4,1,4,4
20,0,4,1,3,4
20,3,4,3,2,0
20,1,3,2,3,4
20,2,5,2,3,4
20,1,4,2,3,3
20,2,3,3,1,0
20,2,3,3,3,0
20,0,4,2,3,4
20,2,3,3,2,0
20,0,4,1,3,4
20,0,4,1,3,3
20,3,3,3,2,1
20,0,4,2,4,4
20,3,4,3,1,0
20,1,4,1,3,3
20,3,3,3,1,0
20,0,4,2,2,4
20,3,4,3,1,1
20,0,4,2,3,4
20,3,4,3,1,1
20,3,3,3,1,0
20,1,5,1,3,4
20,0,4,2,3,3
20,2,4,4,3,0
20,2,4,3,1,1
20,3,4,3,2,0
20,3,3,4,1,0
20,0,4,2,4,4
20,3,4,2,4,5
20,0,4,1,2,4
20,2,3,3,2,1
20,2,3,3,1,0
20,2,3,4,2,0
20,3,3,3,1,0
20,2,3,4,1,1
20,4,4,3,1,-1
20,2,5,2,2,0
20,3,3,3,2,1
20,0,4,2,3,4
20,3,3,3,1,0
20,0,4,2,3,3
20,3,3,3,2,0
20,1,4,1,3,5
20,3,3,2,1,0
20,0,4,1,4,4
20,2,4,4,1,1
20,3,4,4,2,0
20,0,5,2,4,3
20,2,4,4,2,0
20,1,3,2,3,4
20,2,4,4,2,0
20,3,3,3,1,0
20,2,3,3,1,1
20,1,4,2,4,3
20,2,3,3,1,0
20,2,4,4,2,0
20,2,3,3,2,0
20,2,3,3,1,-1
20,0,4,2,3,4
20,3,3,1,4,4
20,0,5,2,4,4
20,2,3,4,1,0
20,0,4,2,3,4
20,3,3,3,1,0
20,1,4,1,4,4
20,2,4,2,2,0
20,3,3,2,2,0
20,0,4,2,3,4
20,3,4,2,1,1
20,2,4,2,3,4
20,3,3,3,2,0
20,3,3,3,3,0
20,3,3,3,2,0
20,2,3,4,1,0
20,4,3,3,4,4
20,3,4,3,2,0
20,2,3,3,2,0
20,3,2,3,1,0
20,0,3,1,3,3
20,2,4,3,1,1
20,2,3,3,2,1
20,3,3,3,1,0
20,3,4,3,1,0
20,2,3,2,2,0
20,0,4,2,3,3
20,3,4,3,1,1
20,1,5,2,3,4
20,3,3,2,1,0
20,0,4,2,3,3
20,3,4,4,1,1
20,3,4,3,1,-1
20,2,4,3,2,0
20,0,4,2,3,4
21,4,3,2,3,4
21,4,3,2,4,4
21,4,3,2,4,4
21,4,3,2,4,5
21,0,4,2,3,4
21,3,3,2,4,4
21,2,4,2,3,5
21,4,3,2,4,4
21,3,4,2,4,4
21,3,4,3,4,5
21,1,4,2,4,4
21,4,4,3,4,5
21,0,4,2,3,4
21,1,5,1,3,4
21,2,3,2,4,4
21,0,5,1,2,4
21,4,4,2,4,5
21,3,3,1,4,4
21,1,4,2,3,4
21,4,3,2,4,4
21,3,4,2,4,4
21,4,3,2,4,4
21,3,3,2,4,3
21,2,2,2,3,4
21,3,3,2,4,4
21,3,3,2,4,4
21,4,3,2,4,4
21,3,3,2,4,4
21,3,3,1,4,4
21,1,4,2,3,4
21,0,5,1,4,4
21,1,4,1,3,4
21,2,3,3,2,1
21,0,4,2,3,4
21,4,3,2,3,5
21,1,4,1,3,4
21,3,3,3,4,4
21,1,4,1,3,4
21,3,2,2,4,3
21,1,4,1,3,4
21,1,4,2,3,4
21,3,4,2,4,4
21,3,3,3,4,4
21,4,3,2,4,4
21,3,3,3,4,5
21,0,4,1,4,4
21,0,4,2,3,4
21,3,3,2,5,5
21,4,3,1,4,4
21,1,4,2,4,4
21,3,3,2,4,5
21,4,4,1,4,5
21,1,4,2,2,4
21,1,5,2,4,3
21,3,3,2,3,4
21,0,4,2,3,5
21,4,4,1,4,4
21,3,2,2,4,4
21,3,3,2,4,4
21,3,2,1,3,4
21,3,4,3,4,4
21,3,3,2,4,4
21,1,5,2,3,4
21,3,3,2,4,4
21,3,3,2,4,4
21,4,3,2,4,5
21,1,4,2,4,4
21,1,5,1,4,3
21,1,5,2,3,4
21,3,2,2,3,5
21,0,4,1,3,4
21,3,3,2,4,5
21,3,3,2,3,4
21,0,4,2,3,4
21,0,5,2,3,3
21,1,4,2,4,4
21,3,3,2,4,4
21,1,4,2,3,4
21,4,3,1,4,5
21,3,3,3,4,5
21,0,4,2,3,4
21,3,3,2,5,4
21,3,3,1,4,4
21,3,4,2,3,4
21,4,3,2,4,5
21,3,3,2,5,4
22,3,3,3,1,0
22,1,4,1,3,4
22,2,3,4,1,0
22,3,4,3,2,1
22,3,4,3,2,0
22,1,4,2,3,4
22,0,4,1,3,2
22,0,4,1,4,3
22,2,4,3,2,0
22,0,4,1,3,4
22,3,4,3,1,0
22,2,4,3,1,0
22,2,4,3,2,0
22,1,4,1,3,4
22,3,4,3,2,0
22,3,4,3,1,0
22,0,3,2,3,4
22,3,3,2,3,0
22,3,4,3,2,1
22,2,4,3,2,1
22,0,4,2,4,4
22,1,4,2,3,3
22,0,6,1,4,4
22,2,4,3,2,0
22,3,4,3,1,0
22,3,4,2,2,1
22,2,3,3,2,0
22,1,5,1,4,4
22,3,4,4,2,0
22,2,3,2,3,4
22,3,3,3,2,0
22,0,3,2,3,3
22,2,4,3,2,0
22,2,3,3,2,0
22,1,4,2,3,4
22,2,3,3,1,-1
22,3,3,3,1,0
22,3,4,4,2,0
22,2,4,2,1,0
22,3,3,3,2,0
22,3,3,3,1,1
22,1,3,1,3,3
22,1,4,2,4,5
22,2,4,3,2,1
22,3,4,4,2,0
22,3,4,3,2,0
22,1,4,2,3,4
22,3,4,3,2,0
22,0,3,2,3,4
22,0,4,1,4,4
22,2,5,3,2,0
22,1,4,2,4,4
22,0,4,1,4,4
22,2,4,3,2,0
22,1,4,1,3,4
22,0,5,1,3,4
22,0,4,2,3,4
22,0,4,1,3,3
22,3,4,3,1,1
22,0,5,1,4,3
22,1,4,1,4,4
22,2,4,2,2,0
22,1,4,1,3,3
22,2,3,3,1,0
22,3,4,3,2,1
22,2,4,4,2,0
22,3,4,3,2,0
22,3,4,3,0,1
22,0,4,2,3,4
22,1,4,2,4,3
22,2,3,4,2,1
22,2,3,3,1,0
22,0,5,1,4,5
22,3,4,3,2,0
22,2,4,3,1,0
22,1,4,2,3,4
22,2,4,3,2,0
22,3,4,3,2,1
22,3,4,4,2,0
22,0,4,2,3,4
22,0,4,2,3,4
22,3,3,4,1,0
22,3,4,2,1,0
22,3,4,3,2,0
22,2,4,3,2,1
22,3,4,3,1,0
22,0,3,2,4,4
22,3,2,3,1,0
22,3,4,4,1,0
22,0,4,2,2,4
22,3,3,3,1,0
22,0,4,1,3,5
22,2,3,4,1,0
22,0,4,2,4,4
22,3,4,3,2,0
22,2,4,4,2,0
22,3,3,4,2,0
22,3,4,2,2,0
22,3,3,3,4,4
22,3,3,4,1,0
22,3,4,2,1,0
22,1,4,0,2,4
22,0,5,1,3,3
22,2,4,1,4,4
22,0,5,2,3,4
22,3,4,3,2,0
23,0,4,2,3,4
23,0,4,0,4,4
23,0,4,2,3,3
23,4,2,2,4,4
23,4,3,3,4,5
23,3,3,3,4,4
23,4,3,2,3,4
23,3,3,1,3,5
23,0,4,2,3,4
23,2,2,1,3,4
23,4,4,2,4,4
23,3,4,2,4,4
23,3,3,1,5,4
23,3,3,1,4,4
23,0,5,1,3,4
23,4,4,2,4,5
23,3,3,2,4,4
23,3,3,2,4,4
23,1,5,2,3,3
23,4,3,2,3,4
23,0,4,1,3,4
23,1,4,2,3,4
23,1,5,2,4,3
23,4,4,2,3,4
23,4,3,2,4,4
23,1,4,1,3,4
23,4,3,1,5,4
23,1,4,1,3,4
23,2,2,3,4,4
23,3,3,2,4,5
23,1,3,2,3,4
23,3,2,2,5,4
23,4,3,2,4,4
23,0,4,2,3,4
23,2,3,2,4,5
23,0,4,1,4,4
23,2,2,3,4,5
23,3,4,2,4,4
23,3,3,2,4,5
23,0,5,2,4,4
23,3,3,1,5,5
23,1,5,1,3,4
23,1,4,1,3,4
23,3,2,2,4,5
23,3,3,1,3,4
23,3,4,2,5,4
23,3,2,2,4,4
23,1,4,1,4,4
23,0,4,1,3,5
23,3,4,2,4,5
23,1,5,1,3,3
23,2,3,3,2,1
23,0,5,1,3,4
23,0,5,2,2,4
23,1,5,2,4,4
23,3,3,2,3,4
23,1,5,1,3,4
23,1,5,1,3,4
23,3,3,2,4,5
23,1,4,1,3,3
23,3,2,2,3,4
23,4,3,2,4,5
23,1,4,2,3,4
23,3,4,2,4,5
23,3,4,2,4,4
23,3,3,2,4,4
23,0,4,1,3,4
23,4,3,2,4,4
23,3,3,2,4,4
23,3,4,2,3,4
23,1,4,2,3,4
23,0,4,2,3,4
23,4,3,2,4,4
23,3,2,1,4,4
23,0,5,2,3,5
23,0,4,1,4,4
23,3,3,2,4,4
23,1,3,1,4,3
23,4,3,2,4,3
23,3,3,1,4,4
23,3,3,2,4,4
23,3,3,1,4,4
23,3,3,1,3,5
23,4,4,1,5,5
23,0,5,1,3,4
23,0,5,1,3,4
23,2,3,1,4,4
23,1,5,1,3,3
23,3,3,2,3,4
23,1,4,2,3,4
23,3,3,2,4,4
23,4,3,2,4,3
23,3,4,2,4,4
23,4,3,2,3,5
23,3,3,2,4,4
24,3,4,4,2,1
24,4,3,1,4,4
24,1,4,1,4,4
24,3,3,1,4,4
24,1,4,2,3,4
24,3,3,3,3,5
24,0,4,2,3,3
24,3,3,2,4,5
24,4,3,1,4,3
24,4,3,1,4,4
24,3,3,2,4,5
24,0,5,2,3,3
24,3,3,2,4,4
24,3,3,2,4,4
24,3,4,1,4,5
24,5,4,3,3,5
24,1,4,2,4,3
24,3,3,3,3,5
24,4,3,2,4,4
24,3,3,2,4,4
24,3,3,2,4,5
24,3,3,2,3,3
24,1,4,1,4,4
24,3,3,2,4,3
24,1,5,2,3,3
24,1,4,1,3,4
24,4,3,2,4,5
24,4,4,2,4,3
24,3,2,2,4,4
24,1,4,2,3,4
24,4,4,1,3,4
24,0,5,3,3,3
24,4,3,2,4,4
24,2,3,2,4,4
24,4,3,1,4,5
24,3,4,3,2,0
24,4,3,1,4,4
24,4,3,3,4,4
24,3,3,2,4,5
24,0,4,1,3,4
24,1,4,1,3,4
24,0,4,1,3,3
24,4,4,3,4,4
24,3,3,2,4,4
24,0,4,2,3,4
24,4,3,2,3,5
24,3,4,4,1,0
24,4,3,2,4,5
24,1,5,1,3,4
24,3,3,3,4,4
24,3,4,2,4,4
24,3,3,1,3,4
24,3,3,3,4,4
24,4,3,2,4,5
24,3,3,2,4,3
24,3,3,2,3,4
24,3,3,2,5,3
24,0,3,2,3,4
24,0,3,1,4,4
24,3,3,2,4,4
24,3,3,2,4,5
24,3,3,2,4,4
24,3,3,2,4,4
24,0,4,2,3,3
24,0,3,2,3,5
24,3,3,2,4,3
24,3,3,2,4,3
24,3,3,2,3,4
24,3,3,2,3,4
24,3,3,2,4,3
24,1,4,2,3,4
24,2,5,1,3,3
24,4,3,2,4,5
24,0,4,1,4,5
24,3,3,2,4,5
24,1,4,1,4,4
24,3,4,1,4,4
24,1,4,2,4,3
24,3,3,2,5,4
24,3,4,2,4,4
24,1,4,2,3,3
24,0,5,1,4,4
24,1,3,2,3,4
24,3,3,2,4,4
24,2,4,3,1,0
24,3,3,2,4,4
24,3,3,1,4,4
24,1,4,1,3,4
24,1,4,1,3,4
24,3,2,2,4,4
24,3,4,3,5,5
24,3,3,2,4,4
24,1,4,1,4,3
24,3,3,2,4,5
24,1,5,1,4,4
24,3,3,2,5,5
24,3,3,1,4,4
24,4,4,2,4,4
24,3,3,3,4,3
25,3,4,2,4,5
25,4,3,2,3,4
25,4,3,2,3,4
25,3,4,2,4,4
25,3,3,1,4,4
25,3,3,2,4,3
25,4,3,2,4,5
25,0,5,1,3,4
25,4,3,2,4,4
25,3,2,2,4,4
25,3,4,1,4,5
25,3,3,2,3,4
25,1,4,2,4,4
25,2,4,3,1,1
25,3,3,2,4,6
25,1,4,2,4,4
25,3,3,1,3,4
25,0,4,1,3,4
25,0,3,2,3,4
25,4,2,2,3,3
25,3,3,3,3,4
25,1,4,1,3,4
25,1,4,2,4,4
25,4,3,2,4,5
25,3,3,1,3,5
25,3,3,2,4,5
25,4,3,3,4,4
25,3,3,1,4,4
25,3,3,2,4,4
25,3,4,2,4,4
25,4,4,2,3,4
25,0,4,2,4,4
25,3,3,1,4,5
25,3,3,2,3,4
25,0,5,1,3,4
25,3,3,1,4,4
25,0,4,1,4,4
25,2,5,1,3,4
25,1,4,1,4,3
25,4,2,2,3,4
25,3,3,2,4,4
25,3,4,1,4,5
25,1,4,2,3,4
25,4,3,3,4,4
25,0,4,1,3,3
25,4,3,2,4,5
25,4,3,2,4,5
25,4,3,2,4,5
25,4,3,2,4,4
25,3,3,2,3,5
25,0,5,2,4,4
25,3,3,2,3,4
25,1,4,2,3,3
25,3,3,2,4,4
25,1,4,2,3,3
25,3,2,2,3,4
25,3,3,1,3,5
25,3,3,2,3,5
25,2,2,1,4,4
25,1,3,1,3,3
25,2,4,1,4,4
25,3,3,2,4,3
25,3,4,3,2,0
25,4,3,2,4,3
25,5,3,1,4,4
25,1,4,1,3,4
25,1,5,1,3,3
25,3,3,2,4,4
25,-1,4,2,3,4
25,3,4,2,4,4
25,3,3,2,4,4
25,3,3,2,5,4
25,0,4,2,3,3
25,4,4,2,4,4
25,3,3,2,4,4
25,3,2,2,4,4
25,4,3,1,5,5
25,3,2,2,4,5
25,3,2,1,3,5
25,3,3,2,4,4
25,3,4,2,4,4
25,4,4,2,4,5
25,1,4,1,4,4
25,4,3,2,4,4
25,4,4,1,5,3
25,1,4,1,3,3
25,3,3,2,4,5
25,4,3,1,5,4
25,0,5,2,3,3
25,3,2,3,4,4
25,0,4,2,3,4
25,3,3,2,4,4
25,0,4,2,3,4
25,3,3,2,4,5
25,4,3,2,4,4
25,4,3,2,4,4
25,4,3,2,4,4
25,4,3,2,4,4
25,4,3,2,5,5
25,3,3,2,4,5
25,0,4,2,3,4
25,4,3,2,4,4
25,1,5,2,4,3
25,4,3,2,4,5
25,1,4,1,3,3
25,3,3,1,4,4
25,0,5,2,4,4
25,0,3,2,4,4
25,3,3,1,3,4
25,3,3,3,4,4
25,4,3,2,4,5
26,1,5,2,3,4
26,3,3,3,1,0
26,2,4,2,2,1
26,3,3,4,2,0
26,3,3,4,2,-1
26,1,4,2,3,4
26,0,4,1,4,4
26,2,3,3,2,1
26,2,4,3,1,0
26,1,4,1,3,3
26,3,4,3,2,0
26,3,3,3,2,0
26,3,4,3,2,1
26,2,4,3,2,1
26,1,4,1,4,4
26,0,4,2,3,5
26,4,3,1,4,5
26,3,3,3,2,1
26,3,3,4,2,1
26,3,4,4,1,0
26,4,3,4,1,1
26,3,4,3,1,0
26,3,3,3,1,1
26,2,4,3,2,1
26,2,4,3,1,1
26,3,4,3,1,0
26,2,4,3,1,1
26,2,3,2,1,1
26,3,4,4,2,1
26,2,4,4,2,1
26,2,4,3,2,0
26,2,4,4,2,0
26,1,5,2,3,4
26,0,4,1,3,4
26,3,3,4,2,0
26,0,4,1,3,3
26,2,3,4,2,0
26,3,3,3,2,0
26,0,4,1,4,4
26,2,4,3,1,-1
26,2,4,3,2,0
26,1,4,1,4,3
26,2,3,3,2,1
26,4,3,2,4,4
26,2,4,2,2,0
26,1,4,1,3,4
26,1,4,2,3,4
26,0,4,1,4,4
26,2,4,3,2,1
26,0,4,1,3,3
26,3,3,3,2,0
26,3,3,2,1,0
26,1,5,2,3,4
26,2,4,3,2,0
26,2,3,3,2,1
26,0,4,1,3,4
26,2,3,3,1,0
26,2,3,3,1,0
26,0,4,1,2,4
26,1,4,2,3,4
26,2,3,2,2,1
26,3,4,4,1,0
26,3,3,4,2,0
26,3,3,3,2,1
26,3,3,3,2,0
26,3,4,4,1,0
26,2,3,3,2,0
26,3,3,4,1,0
26,2,4,3,2,0
26,3,4,2,1,1
26,3,4,3,2,0
26,0,4,1,4,4
26,1,4,2,3,4
26,3,4,3,2,0
26,3,4,4,2,-1
26,3,4,3,2,1
26,2,3,3,1,1
26,2,4,3,1,0
26,3,3,3,2,0
26,3,4,2,1,1
26,2,4,2,2,0
26,3,3,3,2,0
26,3,4,3,1,0
26,3,4,4,1,0
26,2,4,3,1,0
26,3,4,4,1,1
26,3,4,3,2,0
27,3,4,2,4,4
27,1,4,2,3,4
27,3,2,2,4,5
27,4,3,1,3,4
27,3,2,2,4,4
27,0,4,1,3,4
27,3,3,2,5,4
27,1,4,2,4,4
27,3,3,2,4,4
27,3,3,2,4,4
27,3,4,2,4,3
27,3,2,3,4,5
27,3,3,2,4,5
27,3,3,2,4,4
27,3,3,2,4,4
27,0,4,2,3,4
27,4,3,2,4,5
27,3,3,1,4,5
27,4,3,1,4,4
27,1,4,1,3,4
27,3,3,2,3,5
27,3,3,1,3,4
27,4,4,2,4,4
27,1,4,1,3,4
27,0,4,1,3,4
27,1,4,1,3,4
27,0,4,2,3,4
27,3,4,2,4,5
27,3,4,2,5,4
27,3,3,2,3,5
27,3,3,2,5,4
27,3,3,1,4,4
27,0,5,1,3,4
27,1,5,1,3,3
27,1,4,2,3,4
27,0,4,1,4,4
27,3,3,2,3,4
27,0,5,2,3,4
27,0,4,2,4,4
27,3,4,2,4,4
27,0,4,1,3,3
27,4,3,2,4,5
27,3,4,2,4,4
27,3,4,3,2,0
27,4,3,2,3,4
27,3,3,2,4,4
27,3,3,2,4,5
27,3,3,3,4,4
27,3,3,2,4,4
27,3,3,2,3,5
27,4,3,2,3,4
27,1,3,2,3,3
27,1,4,2,3,4
27,4,3,2,5,4
27,4,2,2,4,4
27,4,3,2,4,4
27,4,3,2,4,4
27,2,4,2,3,4
27,0,5,1,3,3
27,1,4,1,2,4
27,1,4,1,3,4
27,4,3,2,4,4
27,4,3,2,5,4
27,4,3,2,3,4
27,3,3,2,5,4
27,0,5,2,3,4
27,0,5,1,3,3
27,0,5,1,4,4
27,3,3,2,3,4
27,1,4,2,3,3
27,1,4,1,3,4
27,3,3,3,4,4
27,1,3,1,4,4
27,0,5,1,3,4
27,3,3,2,5,4
27,3,4,2,4,4
27,4,3,2,4,4
27,1,5,1,4,4
27,1,4,2,3,4
27,2,4,2,4,4
27,4,3,1,3,4
27,3,3,2,5,5
27,0,4,2,3,3
27,3,3,3,4,4
27,1,4,1,4,4
27,1,4,1,3,5
27,4,3,2,4,5
27,0,4,1,3,3
27,4,3,2,4,4
27,0,4,2,3,3
27,2,3,1,5,4
27,0,4,1,3,4
27,3,3,2,4,4
27,1,4,2,3,5
27,3,3,1,4,4
27,3,3,2,3,5
27,4,3,2,4,4
27,3,3,2,3,4
27,0,5,2,3,4
27,3,3,2,4,4
27,4,3,1,4,4
27,3,3,2,4,4
27,4,3,2,4,4
27,1,4,1,3,4
28,3,3,4,1,0
28,2,3,3,1,0
28,3,4,3,2,0
28,2,4,3,2,-1
28,2,3,3,2,0
28,3,4,3,2,0
28,2,3,2,2,0
28,1,4,1,4,3
28,3,3,3,1,1
28,3,4,4,2,1
28,3,3,3,2,1
28,2,4,4,1,1
28,3,4,3,1,1
28,1,4,2,3,3
28,3,3,3,1,0
28,0,4,1,3,4
28,3,4,2,2,1
28,3,3,2,1,0
28,2,3,3,2,0
28,2,4,3,1,0
28,3,3,3,2,0
28,3,3,3,1,1
28,2,4,4,1,0
28,0,4,2,4,3
28,3,4,3,2,1
28,3,4,4,1,0
28,3,2,4,1,0
28,3,2,2,4,4
28,2,4,3,2,1
28,3,4,3,1,0
28,3,4,3,2,1
28,3,3,3,1,0
28,3,3,2,2,0
28,3,3,4,2,0
28,2,4,3,2,0
28,3,4,4,1,-1
28,1,5,2,4,4
28,1,4,2,3,5
28,3,4,3,2,0
28,4,4,4,2,1
28,3,3,2,2,1
28,3,4,3,1,-1
28,0,4,2,3,4
28,1,4,2,4,4
28,2,3,3,2,0
28,1,4,1,4,5
28,0,4,2,3,3
28,3,3,1,3,4
28,3,4,4,2,0
28,2,4,4,2,0
28,1,4,2,3,4
28,2,3,3,1,0
28,3,3,3,2,1
28,2,3,2,4,5
28,2,3,3,1,1
28,1,4,2,3,3
28,2,4,3,2,0
28,0,4,1,3,4
28,3,4,4,2,0
28,3,4,3,1,0
28,2,4,3,1,0
28,2,3,3,2,0
28,0,4,2,4,3
28,1,4,1,3,4
28,2,3,3,1,0
28,2,3,3,2,0
28,0,4,1,3,4
28,0,4,1,3,4
28,3,3,3,2,0
28,2,5,4,1,0
28,3,4,3,2,0
28,2,3,3,1,0
28,1,4,1,3,4
28,2,3,3,1,1
28,2,3,3,2,0
28,3,4,3,2,0
28,1,4,1,4,4
28,0,4,1,3,4
28,0,4,2,3,3
28,0,4,1,4,4
28,4,4,4,2,0
28,2,3,3,1,0
28,2,3,3,2,0
28,0,4,1,3,4
28,1,4,1,3,4
28,3,4,3,2,1
28,2,3,3,2,0
28,3,4,4,2,0
28,2,3,3,2,0
28,2,4,3,1,1
28,3,4,3,4,5
28,3,3,3,2,0
28,0,4,2,3,3
28,2,4,3,1,1
28,2,3,4,2,1
28,1,4,2,4,4
28,2,4,3,2,0
28,3,4,3,1,1
28,2,4,4,2,0
28,1,4,2,3,4
28,2,4,3,1,0
28,0,4,1,3,4
28,2,5,3,2,0
28,3,3,3,1,0
29,4,4,2,4,5
29,1,4,2,3,4
29,0,4,2,4,4
29,3,3,3,4,4
29,1,4,2,3,4
29,3,3,2,4,4
29,1,3,1,3,3
29,4,3,2,4,5
29,4,4,2,4,5
29,4,3,2,4,4
29,1,4,1,3,3
29,3,3,2,4,4
29,1,3,1,3,4
29,3,3,3,4,4
29,4,3,2,4,5
29,3,3,2,4,4
29,1,5,1,3,4
29,4,3,2,5,4
29,4,3,1,4,4
29,3,2,2,4,4
29,3,3,2,4,5
29,1,4,2,4,5
29,3,4,2,4,5
29,4,3,2,4,4
29,0,3,1,4,4
29,4,3,3,4,5
29,1,4,2,3,3
29,1,4,2,3,4
29,1,4,0,3,5
29,3,3,2,4,5
29,4,2,2,3,5
29,3,3,2,4,3
29,4,3,2,4,3
29,4,3,1,4,3
29,1,4,2,3,3
29,0,4,2,3,4
29,3,4,2,4,5
29,0,5,1,3,4
29,3,3,3,3,4
29,3,3,1,4,5
29,4,3,2,5,4
29,1,4,1,3,4
29,4,3,2,4,5
29,0,4,2,3,4
29,1,4,1,4,4
29,0,4,1,3,4
29,4,3,2,4,3
29,0,5,1,3,4
29,4,3,1,5,4
29,4,4,3,3,4
29,4,3,2,4,4
29,3,2,2,4,4
29,2,3,2,4,4
29,3,3,2,4,5
29,4,3,1,4,5
29,3,3,2,4,4
29,0,5,3,4,3
29,4,3,2,4,4
29,3,4,2,4,5
29,4,3,2,4,4
29,1,4,1,3,4
29,0,5,2,4,3
29,0,5,1,3,4
29,3,3,2,4,5
29,4,3,2,4,4
29,1,4,1,3,4
29,1,5,2,3,4
29,1,4,1,3,4
29,0,4,1,3,4
29,1,5,1,2,3
29,1,4,2,3,3
29,3,3,2,3,4
29,3,4,2,4,4
29,4,3,2,5,5
29,4,4,1,3,4
29,3,5,3,2,0
29,0,4,2,3,3
29,4,3,2,4,4
29,4,3,2,3,4
29,3,3,2,4,4
29,4,3,2,4,5
29,2,3,2,4,4
29,4,2,2,5,4
29,4,4,1,4,4
29,3,4,1,4,4
29,1,4,1,3,3
29,0,5,2,3,4
29,0,4,2,4,4
29,3,3,2,4,4
29,1,3,2,4,4
29,3,4,1,4,5
29,0,4,1,2,3
29,3,4,2,4,4
29,4,3,2,5,4
29,3,3,2,4,4
29,0,5,1,4,3
29,3,3,1,4,5
29,1,4,3,2,5
29,3,3,2,4,3
29,3,3,2,4,3
29,2,4,2,1,1
29,1,4,1,2,4
29,0,4,1,3,3
29,0,4,1,3,4
29,0,4,2,3,4
29,3,3,2,4,4
29,1,4,0,3,3
29,1,4,1,3,3
29,0,4,1,4,4
29,4,4,3,4,4
29,3,3,2,4,4
29,0,4,2,4,4
30,0,5,2,3,4
30,3,4,3,1,1
30,3,3,3,2,0
30,0,4,1,4,4
30,1,3,2,3,3
30,3,4,4,1,0
30,3,5,3,3,0
30,2,4,3,1,1
30,0,3,2,4,4
30,2,4,3,2,1
30,3,4,3,1,0
30,0,4,2,4,3
30,0,4,1,3,4
30,1,4,1,4,4
30,3,3,2,4,4
30,3,3,2,2,0
30,3,4,3,2,1
30,1,4,2,4,4
30,3,5,3,1,1
30,1,4,1,3,3
30,3,4,3,2,0
30,4,3,2,4,4
30,2,4,4,1,1
30,2,4,3,1,0
30,3,3,3,2,0
30,1,4,2,4,3
30,2,4,3,1,0
30,1,4,1,3,4
30,2,3,4,2,0
30,2,4,3,2,1
30,3,4,3,2,0
30,2,4,3,1,0
30,3,4,3,2,0
30,2,4,3,2,1
30,1,3,2,3,4
30,2,4,2,2,0
30,0,5,2,3,4
30,3,3,3,2,0
30,1,5,2,2,3
30,2,3,3,2,0
30,2,5,3,1,1
30,0,4,2,3,4
30,1,4,1,3,4
30,2,3,3,2,0
30,1,4,1,3,4
30,3,3,4,2,1
30,0,5,1,4,4
30,4,4,3,2,0
30,0,4,1,3,3
30,3,3,4,2,0
30,2,4,3,2,1
30,3,3,3,4,4
30,3,4,3,2,1
30,2,3,3,2,0
30,3,3,3,1,0
30,2,4,3,1,0
30,3,4,3,2,0
30,1,4,1,3,5
30,3,3,3,1,0
30,2,4,3,2,1
30,3,4,2,2,0
30,1,4,2,3,4
30,2,4,2,3,0
30,1,3,2,3,4
30,0,5,1,3,5
30,1,4,1,3,4
30,2,3,3,2,0
30,3,3,2,5,4
30,2,3,3,2,0
30,2,4,2,1,0
30,3,4,3,2,1
30,3,3,3,2,0
30,1,3,1,3,4
30,3,3,3,2,0
30,3,4,3,2,0
30,0,4,1,3,3
30,1,4,2,3,3
30,2,3,4,2,0
30,2,4,3,1,1
30,1,5,2,3,4
30,0,4,2,4,4
30,3,4,4,2,0
30,3,4,3,1,0
30,3,3,3,3,0
30,2,4,3,1,0
30,3,4,3,1,0
30,2,4,3,1,0
30,1,4,2,3,5
30,4,4,3,2,0
30,3,4,2,1,1
30,2,3,3,1,0
30,2,4,3,2,1
30,1,4,1,4,5
30,3,3,4,2,0
30,2,3,3,1,0
30,0,4,1,4,4
30,0,4,1,3,3
30,0,4,1,3,4
30,2,4,4,1,1
30,2,4,3,2,0
30,1,5,2,4,3
30,3,5,4,1,0
30,1,4,1,3,3
30,1,4,1,3,3
30,3,3,3,1,0
30,3,4,4,2,1
30,2,3,4,2,1
30,3,3,3,2,0
30,3,4,2,2,0
30,3,3,3,1,1
30,1,4,2,3,4
30,3,4,4,2,1
30,1,4,1,3,4
31,3,3,2,4,4
31,3,3,2,3,5
31,0,4,1,3,4
31,1,5,1,4,3
31,3,3,2,5,4
31,4,3,2,4,4
31,3,4,2,4,5
31,4,3,2,4,4
31,1,3,2,3,4
31,3,3,3,5,4
31,0,3,1,3,3
31,4,3,2,4,5
31,0,4,0,3,4
31,3,4,1,4,4
31,3,3,1,4,5
31,1,4,1,3,4
31,3,3,2,3,5
31,3,4,3,4,4
31,3,3,2,4,5
31,4,4,2,4,5
31,2,4,3,2,1
31,4,4,2,4,4
31,0,5,2,3,3
31,3,3,2,4,5
31,3,3,2,4,4
31,4,3,2,5,5
31,4,3,2,4,5
31,3,4,3,4,5
31,3,2,2,4,4
31,4,3,2,4,4
31,3,3,3,1,-1
31,4,4,2,4,4
31,3,2,3,5,5
31,3,3,2,4,4
31,3,3,2,4,5
31,3,3,2,3,4
31,4,3,2,4,5
31,1,4,2,4,4
31,3,3,2,4,5
31,3,3,2,4,4
31,3,3,2,4,3
31,3,3,2,4,4
31,4,3,1,5,4
31,2,4,2,3,4
31,3,3,2,3,4
31,3,3,1,4,5
31,3,3,2,4,4
31,3,3,1,4,3
31,4,4,2,4,5
31,0,4,2,3,4
31,3,3,2,4,4
31,0,4,2,3,4
31,2,4,2,3,4
31,5,3,1,4,4
31,3,3,2,4,5
31,3,3,3,5,4
31,3,3,1,5,4
31,0,5,2,3,4
31,1,4,1,3,4
31,1,4,1,4,4
31,3,3,2,4,5
31,3,3,2,3,5
31,4,2,1,3,4
31,4,3,2,4,4
31,1,4,1,3,4
31,1,4,2,2,4
31,4,2,1,3,5
31,4,3,2,5,4
31,4,4,2,4,4
31,1,4,2,3,4
31,3,3,3,4,3
31,3,3,2,4,4
31,3,3,2,5,4
31,4,3,2,4,5
31,2,4,3,2,0
31,0,4,1,3,4
31,2,3,2,4,4
31,4,3,2,3,5
31,0,4,1,4,3
31,2,4,3,2,0
31,2,3,4,2,1
31,3,3,2,4,4
31,3,3,2,4,5
31,3,3,2,3,4
31,4,4,2,4,5
31,0,4,1,3,3
31,0,4,1,3,4
31,3,2,2,3,4
31,0,4,2,3,4
31,2,3,3,2,0
31,3,3,2,5,4
31,1,4,1,3,4
31,4,4,2,4,4
31,3,4,3,1,1
31,0,4,1,3,3
32,1,4,1,3,4
32,0,4,2,3,4
32,1,4,2,3,4
32,0,5,1,4,3
32,2,3,3,2,1
32,3,3,3,2,0
32,3,4,3,2,1
32,0,5,1,3,3
32,2,3,4,1,0
32,3,3,3,3,1
32,1,4,2,3,3
32,4,4,3,4,4
32,0,4,2,3,4
32,3,3,3,1,0
32,1,4,2,3,4
32,3,3,3,2,0
32,1,4,2,4,4
32,3,3,3,1,0
32,0,4,1,3,4
32,0,4,1,3,4
32,3,4,3,2,0
32,1,4,1,4,4
32,2,4,3,2,1
32,3,3,2,3,5
32,3,4,3,2,1
32,2,4,3,2,0
32,0,5,1,4,4
32,2,4,3,1,0
32,2,4,3,1,0
32,2,4,3,2,0
32,3,3,4,3,0
32,3,3,4,2,0
32,2,3,4,1,0
32,1,5,2,3,4
32,0,4,1,3,4
32,2,4,2,2,0
32,2,4,3,2,0
32,1,5,1,4,4
32,2,2,4,1,0
32,3,4,3,1,0
32,2,3,3,2,0
32,3,4,3,1,0
32,3,3,3,1,0
32,0,4,2,3,4
32,3,4,3,2,0
32,3,4,3,1,1
32,3,3,3,2,-1
32,1,5,2,2,4
32,1,3,2,3,4
32,2,3,3,2,0
32,3,3,3,2,0
32,1,4,1,3,4
32,2,4,3,2,1
32,3,3,2,1,1
32,1,4,1,4,4
32,1,4,2,3,3
32,3,4,3,2,0
32,3,4,3,1,1
32,3,3,3,2,0
32,2,4,2,1,1
32,1,5,1,4,4
32,2,3,3,2,1
32,3,4,3,1,0
32,2,3,3,1,0
32,3,3,3,2,0
32,2,3,3,2,0
32,0,4,1,3,4
32,2,3,3,1,1
32,1,4,2,3,3
32,1,3,3,2,1
32,2,4,4,2,0
32,3,3,3,1,0
32,2,3,2,2,0
32,0,4,1,4,4
32,3,3,3,2,0
32,3,4,2,3,0
32,1,4,2,4,3
32,0,5,2,4,4
32,3,4,3,1,0
32,3,3,2,2,1
32,2,4,3,1,1
32,0,4,2,3,4
32,3,3,4,1,0
32,0,4,2,3,4
32,3,4,3,1,1
32,3,3,3,2,0
32,2,4,3,2,0
32,1,4,1,4,4
32,3,4,3,2,1
32,0,5,1,5,3
32,0,5,2,3,5
32,3,4,3,2,0
32,3,3,3,1,1
32,3,4,2,1,0
32,0,4,0,3,3
32,1,5,2,3,3
32,2,4,3,1,0
32,3,3,3,1,-1
32,3,3,3,3,4
32,3,3,3,1,0
32,2,4,4,2,0
32,3,4,3,1,0
32,4,4,3,1,-1
32,2,4,3,1,0
32,3,4,3,2,0
32,3,4,3,2,1
32,2,4,3,2,-1
33,3,2,2,4,5
33,3,2,2,5,4
33,3,3,2,4,5
33,1,5,1,4,4
33,3,3,2,3,3
33,0,4,1,3,4
33,3,4,1,4,4
33,4,4,2,5,4
33,3,3,1,4,4
33,3,3,2,4,4
33,3,4,1,4,5
33,3,4,2,4,5
33,3,4,1,3,4
33,3,3,1,4,5
33,4,2,2,4,5
33,3,3,3,4,4
33,0,4,1,3,4
33,1,4,2,3,4
33,0,4,2,4,3
33,1,4,1,3,4
33,0,4,1,4,3
33,4,3,2,4,4
33,4,4,3,3,5
33,3,3,2,3,4
33,3,3,2,4,4
33,1,4,1,3,4
33,1,4,1,3,3
33,1,5,1,4,4
33,3,3,3,1,0
33,3,3,2,3,4
33,0,4,2,3,3
33,1,4,2,3,3
33,3,3,2,4,5
33,4,3,2,4,4
33,3,4,2,5,5
33,3,4,1,3,5
33,0,4,2,4,4
33,3,3,2,3,5
33,4,3,2,3,5
33,1,4,2,4,4
33,3,3,2,4,4
33,3,3,2,4,4
33,3,3,2,4,3
33,0,4,2,3,4
33,3,3,2,3,4
33,3,3,2,5,4
33,4,3,1,4,5
33,2,4,3,4,4
33,3,2,2,4,4
33,4,4,1,4,5
33,0,5,2,3,4
33,0,4,2,4,3
33,3,3,2,4,5
33,4,3,1,4,5
33,3,3,3,4,5
33,3,4,2,4,4
33,3,3,2,3,4
33,0,5,2,4,3
33,0,5,2,3,4
33,3,3,2,4,4
33,4,4,2,3,5
33,0,4,2,4,5
33,1,4,2,3,5
33,4,3,2,4,4
33,0,4,2,3,3
33,1,4,1,4,4
33,3,4,2,4,4
33,4,3,2,4,4
33,3,3,2,4,4
33,4,4,2,4,3
33,3,2,2,4,4
33,1,4,2,3,4
33,3,3,2,4,4
33,1,4,2,3,4
33,3,4,2,4,5
33,1,4,2,3,4
33,4,3,2,4,5
33,1,4,2,3,4
33,0,4,1,3,4
33,1,5,2,4,4
33,3,3,2,4,4
33,3,3,2,3,4
33,4,3,1,4,5
33,1,4,1,3,4
33,3,4,2,4,3
33,4,2,2,4,5
33,0,5,2,4,4
33,3,3,3,4,4
33,4,3,2,5,4
33,3,3,2,4,5
33,4,3,2,4,4
33,1,4,1,2,4
33,3,3,2,4,4
33,3,3,2,4,4
33,0,4,1,4,3
33,0,4,2,3,4
33,3,3,2,4,4
33,1,3,1,4,4
33,4,3,2,4,4
33,3,3,1,4,4
33,0,5,2,4,4
33,3,4,3,3,4
33,0,4,1,3,4
33,3,4,2,5,4
33,4,3,2,4,4
33,3,3,2,4,4
33,3,3,1,3,5
33,3,3,2,4,4
33,4,4,2,3,5
34,0,4,1,4,5
34,0,5,2,3,4
34,3,4,1,4,5
34,3,3,4,1,0
34,3,3,2,2,0
34,4,3,1,4,4
34,4,2,2,4,4
34,3,3,1,3,4
34,0,4,2,4,4
34,3,3,2,4,4
34,3,4,1,4,5
34,3,3,2,5,4
34,3,3,3,4,4
34,4,3,3,4,4
34,3,3,2,4,4
34,3,2,1,5,4
34,3,4,3,2,1
34,3,2,3,4,5
34,4,3,2,4,4
34,4,3,2,3,4
34,3,4,1,4,4
34,4,3,2,3,4
34,4,3,2,4,4
34,4,2,1,4,5
34,3,3,2,5,4
34,3,3,2,4,4
34,3,3,2,4,4
34,3,2,3,4,5
34,0,4,2,3,4
34,4,4,2,4,4
34,3,3,2,4,4
34,3,3,3,3,4
34,3,3,2,4,4
34,4,3,2,4,3
34,4,3,2,4,4
34,4,3,2,4,4
34,3,3,2,5,3
34,0,5,2,3,4
34,3,3,2,4,4
34,3,3,1,4,5
34,3,4,3,4,5
34,2,3,1,4,5
34,3,3,3,4,4
34,1,4,1,3,3
34,0,4,2,4,4
34,4,2,2,4,5
34,2,3,3,2,1
34,4,4,2,4,5
34,4,3,1,3,5
34,0,4,2,4,4
34,3,2,2,3,4
34,1,5,2,3,4
34,3,3,2,4,5
34,3,3,2,4,4
34,1,4,1,3,3
34,0,4,2,4,4
34,3,3,2,4,4
34,0,4,2,3,3
34,3,3,2,4,4
34,3,3,3,4,4
34,3,3,2,4,4
34,3,2,2,4,4
34,3,3,3,4,5
34,4,4,2,4,4
34,1,4,2,3,5
34,0,4,1,3,3
34,3,4,1,4,4
34,1,3,1,3,3
34,1,4,2,3,4
34,4,3,3,4,4
34,3,3,3,4,4
34,3,3,2,3,5
34,3,4,2,4,5
34,3,3,3,5,4
34,3,3,2,5,4
34,4,3,2,3,4
34,1,5,2,3,4
34,4,3,2,3,4
34,3,4,3,2,0
34,0,5,2,4,3
34,3,3,2,4,3
34,3,3,2,4,5
34,3,3,2,4,5
34,1,4,1,3,4
34,4,3,2,4,4
34,3,4,3,4,4
34,3,4,2,5,4
34,3,3,2,4,4
34,3,3,2,3,5
35,0,4,1,3,4
35,1,5,1,3,5
35,2,4,3,1,0
35,2,4,3,2,0
35,1,4,2,4,4
35,0,4,1,3,4
35,2,4,3,1,0
35,3,3,4,0,0
35,1,5,2,2,3
35,3,4,3,2,0
35,2,4,3,1,0
35,1,4,1,3,4
35,1,4,1,3,4
35,1,4,1,3,4
35,3,3,4,2,0
35,2,3,4,2,1
35,2,3,3,2,1
35,2,3,3,3,1
35,3,4,3,1,1
35,0,4,2,3,3
35,1,4,2,4,3
35,3,5,2,2,-1
35,3,3,3,2,0
35,3,3,3,1,1
35,0,4,2,3,4
35,3,4,3,2,0
35,3,3,3,2,1
35,3,3,2,4,4
35,3,4,3,2,0
35,1,4,2,3,4
35,3,4,3,2,0
35,3,3,3,2,0
35,1,4,2,3,5
35,1,4,2,3,3
35,1,4,2,4,4
35,2,3,3,1,0
35,3,3,3,1,1
35,1,3,1,3,4
35,2,3,3,2,1
35,0,4,1,3,4
35,3,4,3,1,1
35,3,3,3,1,-1
35,0,4,1,4,3
35,3,4,3,2,0
35,3,3,3,4,4
35,2,3,3,2,0
35,3,3,3,2,0
35,3,4,3,2,0
35,3,3,3,2,0
35,2,4,2,2,0
35,3,3,3,2,1
35,2,4,3,2,0
35,0,4,2,3,4
35,3,3,3,1,1
35,1,4,2,3,4
35,0,4,2,3,4
35,2,4,3,1,1
35,3,3,3,2,1
35,3,4,3,2,0
35,3,4,4,2,0
35,1,4,2,4,3
35,3,3,3,1,0
35,0,4,2,2,4
35,3,3,2,4,4
35,4,3,4,1,0
35,3,3,3,2,0
35,2,3,3,2,0
35,3,3,2,4,5
35,3,3,4,1,0
35,2,3,3,2,0
35,1,3,3,1,0
35,3,3,4,0,0
35,2,3,3,1,1
35,1,4,1,3,4
35,2,4,3,1,0
35,1,4,1,4,4
35,1,4,2,4,3
35,3,3,3,2,0
35,2,3,3,2,0
35,1,4,2,3,4
35,2,4,4,2,0
35,0,3,2,4,4
35,2,3,3,1,0
35,1,4,1,4,4
35,2,4,3,1,0
35,3,3,2,4,4
35,2,4,3,2,1
35,3,4,3,2,0
35,1,4,1,4,4
35,2,3,3,2,0
35,1,4,2,4,4
35,2,3,3,2,0
35,2,3,3,1,0
35,2,4,3,2,0
35,2,4,2,2,0
35,2,4,3,2,0
35,3,3,3,2,0
35,2,4,3,1,-1
35,2,3,3,2,-1
35,1,5,2,3,4
35,3,4,4,1,0
35,3,3,3,2,0
35,3,4,3,2,0
35,0,4,2,4,4
35,3,4,3,3,-2
35,4,3,1,4,4
35,2,4,2,2,0
35,3,3,3,1,0
35,3,3,3,1,0
35,3,2,2,4,5
35,0,4,2,3,4
35,1,4,2,3,4
35,3,4,4,2,0
35,3,3,3,1,1
35,3,3,2,1,0
35,3,3,4,1,0
35,2,4,3,1,0
36,3,4,2,4,4
36,3,4,3,4,4
36,3,2,2,4,5
36,0,5,2,4,4
36,3,3,1,4,5
36,3,3,2,4,5
36,2,4,3,2,1
36,4,3,2,4,5
36,3,3,1,5,3
36,3,3,2,3,5
36,2,4,2,4,4
36,3,3,2,4,4
36,3,4,1,4,5
36,1,5,2,3,4
36,4,3,2,3,4
36,0,5,0,3,4
36,4,3,2,4,4
36,1,4,2,4,4
36,3,3,1,4,4
36,3,3,2,4,5
36,4,3,2,4,4
36,2,4,2,3,3
36,0,4,1,3,4
36,4,3,2,4,5
36,0,5,1,4,4
36,4,3,2,4,4
36,0,5,2,4,4
36,0,5,2,4,3
36,4,3,3,4,4
36,3,3,2,4,5
36,1,4,2,4,4
36,3,3,2,3,5
36,4,3,2,4,5
36,4,3,2,4,5
36,3,3,2,4,4
36,4,3,3,5,5
36,1,5,2,4,3
36,4,4,2,4,5
36,3,3,2,5,5
36,3,2,3,5,4
36,1,5,1,3,2
36,1,4,1,3,4
36,0,4,1,3,4
36,1,5,2,2,4
36,1,3,2,2,4
36,1,4,1,3,4
36,4,3,2,4,4
36,4,4,2,4,4
36,3,3,2,4,4
36,3,2,2,4,5
36,0,4,1,3,4
36,1,4,1,3,4
36,4,3,2,3,4
36,4,3,1,3,4
36,4,3,2,3,4
36,1,4,1,4,4
36,0,4,1,3,4
36,0,4,2,3,4
36,3,4,1,4,4
36,4,3,2,4,4
36,-1,5,1,3,4
36,3,3,2,3,5
36,3,3,2,4,5
36,2,5,2,3,4
36,3,4,2,5,4
36,4,3,2,4,4
36,2,2,2,4,4
36,3,3,3,4,4
36,3,4,2,3,5
36,3,3,2,4,4
36,4,3,3,4,5
36,0,3,2,3,4
36,4,2,2,5,4
36,3,2,2,3,4
36,0,5,1,3,4
36,3,3,2,3,3
36,4,4,2,5,4
36,3,3,2,4,5
36,0,4,2,2,4
36,2,3,2,4,4
36,1,4,2,4,4
36,3,3,1,4,4
36,1,4,1,3,3
36,4,3,2,3,4
36,3,3,1,4,5
36,0,4,1,3,4
36,0,5,2,4,3
36,3,3,2,3,5
36,4,3,2,4,4
36,3,4,1,3,3
36,0,4,2,4,3
36,4,4,1,4,4
36,3,4,2,3,4
36,4,3,2,4,4
36,4,3,2,3,4
36,0,3,1,3,5
36,3,3,2,4,5
36,3,3,3,5,4
36,3,3,2,4,5
36,0,4,2,3,5
36,1,4,2,3,4
36,0,4,2,3,4
36,4,3,3,4,5
36,3,3,2,4,4
36,1,4,1,4,4
36,4,3,2,3,4
36,3,3,2,5,5
37,3,4,4,1,1
37,3,3,2,4,4
37,3,3,2,4,4
37,3,3,2,3,5
37,3,3,2,4,4
37,0,4,2,3,5
37,3,4,3,4,3
37,0,4,1,3,4
37,3,3,2,4,4
37,4,3,1,4,4
37,4,3,2,3,4
37,1,4,2,3,4
37,3,4,3,3,4
37,0,4,2,3,4
37,2,3,4,1,0
37,1,4,1,3,4
37,4,3,2,4,4
37,1,4,2,3,4
37,1,5,2,3,4
37,3,3,2,4,3
37,4,2,2,4,4
37,3,3,2,4,4
37,4,2,2,4,4
37,3,3,2,4,4
37,1,3,1,2,3
37,3,4,1,4,3
37,3,3,3,3,5
37,2,4,2,1,0
37,5,2,1,4,4
37,4,3,2,4,4
37,1,4,2,3,4
37,3,3,2,4,5
37,2,3,3,1,0
37,1,4,2,4,4
37,3,3,2,3,4
37,4,3,1,4,5
37,4,3,2,4,4
37,3,3,2,4,4
37,4,4,2,4,4
37,3,3,2,4,5
37,0,4,1,3,4
37,1,4,1,3,4
37,1,4,1,4,3
37,3,4,1,4,4
37,0,3,2,3,4
37,3,3,2,3,4
37,1,3,1,4,4
37,3,3,2,4,4
37,4,3,3,4,5
37,4,3,2,4,5
37,3,3,2,3,4
37,0,5,2,4,3
37,3,3,2,4,4
37,-1,4,2,4,4
37,3,3,2,4,5
37,0,4,2,3,4
37,3,4,2,4,5
37,1,4,2,4,4
37,0,4,2,4,3
37,3,4,2,3,4
37,1,5,2,3,3
37,4,4,2,4,5
37,0,5,1,4,5
37,0,4,2,3,4
37,3,3,2,4,4
37,1,4,1,3,3
37,0,4,2,3,4
37,2,3,3,2,0
37,4,3,2,5,4
37,3,3,3,4,4
37,0,4,2,4,4
37,0,4,2,3,4
37,0,5,2,3,4
37,3,4,2,4,4
37,3,3,2,4,4
37,1,4,1,2,4
37,1,4,1,3,4
37,4,3,2,4,4
37,3,3,2,4,4
37,1,5,2,3,3
37,3,3,2,4,4
37,3,3,1,4,4
37,3,4,2,4,4
37,3,3,2,4,4
37,3,3,1,4,4
37,3,4,2,4,5
37,1,4,2,3,4
37,0,4,1,3,3
37,3,3,2,4,4
37,4,2,2,4,4
37,1,4,1,3,5
37,4,3,3,3,4
37,3,3,2,4,4
37,4,2,2,3,4
37,2,4,2,4,4
37,3,3,2,4,4
37,4,3,2,4,4
37,3,4,2,3,4
37,3,3,1,4,4
38,1,4,2,3,4
38,3,4,3,2,0
38,0,4,2,3,4
38,0,5,1,3,4
38,3,3,3,1,-1
38,1,4,1,3,4
38,2,3,3,2,0
38,1,5,1,3,3
38,3,3,3,2,0
38,2,3,4,1,-1
38,3,4,3,1,0
38,2,4,4,1,0
38,0,3,1,3,3
38,2,3,3,2,0
38,1,3,2,4,4
38,2,3,3,1,0
38,3,4,3,1,2
38,2,3,4,1,0
38,2,3,3,2,0
38,2,5,3,2,0
38,1,4,2,3,4
38,2,3,4,1,0
38,3,3,3,1,1
38,2,4,3,1,0
38,1,4,2,3,4
38,2,5,3,1,1
38,3,3,3,2,0
38,3,4,4,1,0
38,3,3,3,2,1
38,2,2,3,2,0
38,2,3,3,1,0
38,1,3,2,3,4
38,1,5,1,3,4
38,3,4,2,1,0
38,0,4,1,3,3
38,1,4,1,3,4
38,3,3,3,2,1
38,2,3,3,2,0
38,1,5,1,4,3
38,3,3,3,1,0
38,2,4,4,0,0
38,2,4,3,1,0
38,2,3,3,1,0
38,1,4,2,4,4
38,0,4,1,3,4
38,2,3,3,2,0
38,1,4,1,3,4
38,0,4,2,4,4
38,2,4,3,2,0
38,3,4,3,2,0
38,1,4,2,3,4
38,3,4,4,1,0
38,2,3,3,1,-1
38,3,3,3,1,0
38,2,4,4,1,0
38,3,4,3,2,0
38,3,4,3,2,1
38,2,4,3,2,0
38,0,4,2,3,3
38,0,4,2,3,4
38,3,3,3,2,-1
38,0,4,2,2,4
38,1,3,2,4,4
38,2,4,4,1,0
38,3,3,3,1,0
38,3,3,4,1,1
38,1,4,2,3,4
38,1,4,2,3,3
38,0,4,2,3,4
38,3,4,3,2,1
38,0,4,2,2,4
38,1,4,3,2,0
38,2,3,3,2,1
38,1,4,2,3,4
38,1,4,2,3,3
38,0,4,2,3,4
38,1,3,2,4,4
38,2,3,3,1,1
38,2,4,2,2,0
38,2,4,3,1,-1
38,3,3,4,2,1
38,3,4,3,2,0
38,3,5,3,2,0
38,3,4,3,1,0
38,3,3,3,2,1
38,0,4,2,3,4
38,2,3,3,3,0
38,2,4,2,2,0
38,3,3,3,3,1
38,1,5,1,3,4
38,3,4,3,2,-1
38,1,4,2,3,3
38,1,4,2,4,4
38,2,3,3,2,-1
38,1,3,1,4,4
38,3,2,2,4,4
38,3,4,3,2,0
38,3,3,4,2,0
38,3,4,3,2,1
38,1,4,2,3,4
38,3,4,2,2,0
39,3,3,2,1,0
39,0,5,2,3,3
39,2,3,3,2,0
39,2,3,4,2,0
39,3,4,3,1,-1
39,0,4,2,3,4
39,1,5,1,3,4
39,1,4,2,4,4
39,3,3,4,1,0
39,3,4,4,1,0
39,0,4,2,3,3
39,3,3,3,2,1
39,3,4,3,2,0
39,2,4,3,2,0
39,1,4,2,4,4
39,2,4,3,1,0
39,4,3,2,4,5
39,2,3,3,2,0
39,0,4,1,3,4
39,1,4,2,3,3
39,0,4,2,4,4
39,1,5,1,3,4
39,2,3,3,1,0
39,3,4,3,1,0
39,3,4,3,3,1
39,2,4,3,1,0
39,2,3,2,1,0
39,3,4,3,1,0
39,1,4,1,3,4
39,1,4,2,3,4
39,0,4,1,3,3
39,1,4,1,3,4
39,0,5,1,4,3
39,0,5,2,3,4
39,2,4,2,1,1
39,4,3,4,1,2
39,2,3,3,1,1
39,-1,5,2,3,4
39,3,3,2,4,4
39,2,4,2,2,-1
39,3,3,4,2,0
39,2,3,4,2,1
39,0,4,2,3,4
39,-1,4,1,4,4
39,0,4,1,3,4
39,2,4,4,1,0
39,3,4,4,2,0
39,2,4,3,2,0
39,3,3,3,2,0
39,2,4,3,2,-1
39,1,5,1,3,4
39,3,4,3,2,0
39,2,3,3,2,-1
39,0,4,2,4,3
39,2,4,4,1,0
39,3,4,3,2,0
39,2,4,3,2,1
39,3,3,3,2,1
39,3,4,2,1,1
39,4,4,2,4,5
39,2,3,3,2,0
39,2,3,3,1,1
39,3,3,3,1,0
39,3,3,3,2,0
39,2,3,4,1,1
39,3,4,3,2,0
39,3,4,3,1,1
39,2,4,3,2,1
39,2,4,2,2,0
39,2,3,3,2,0
39,1,5,1,3,4
39,4,3,3,4,4
39,3,3,3,4,4
39,0,4,1,3,4
39,3,4,3,2,0
39,3,4,4,2,-1
39,0,4,2,2,3
39,0,5,2,3,4
39,0,4,1,3,5
39,0,4,2,4,5
39,2,4,3,2,0
39,0,4,1,4,4
39,1,4,1,3,4
39,3,4,3,2,0
39,2,3,3,1,0
39,1,4,2,3,4
39,0,5,2,3,3
39,3,4,3,1,0
39,3,4,4,2,0
39,3,3,3,1,0
39,3,4,4,2,1
39,3,4,3,2,0
39,3,4,1,4,4
39,1,5,1,3,4
39,3,4,3,2,1
39,3,3,2,4,5
39,0,5,2,4,3
39,1,5,1,3,4
39,1,4,2,3,4
39,3,4,3,2,1
39,3,3,4,2,1
39,2,3,3,1,1
39,3,4,3,2,0
40,2,3,2,4,5
40,3,3,2,4,5
40,3,4,2,5,3
40,4,3,2,4,5
40,3,3,2,4,5
40,1,3,1,4,4
40,1,5,2,3,3
40,1,4,2,3,3
40,3,3,2,4,4
40,3,3,2,4,5
40,-1,4,1,3,4
40,3,4,3,4,4
40,3,3,2,3,5
40,0,4,2,3,4
40,3,3,2,4,4
40,0,4,2,2,4
40,3,3,2,4,4
40,3,3,2,4,5
40,0,4,2,4,3
40,0,5,1,3,4
40,0,4,2,3,4
40,1,4,2,3,4
40,4,3,2,4,4
40,1,4,0,4,3
40,3,3,2,4,5
40,3,3,2,4,4
40,4,2,2,4,3
40,3,3,2,3,4
40,0,4,2,4,4
40,1,3,2,3,4
40,0,4,1,4,4
40,0,4,1,3,4
40,0,4,1,3,4
40,0,4,2,4,4
40,3,3,2,3,4
40,4,2,2,5,5
40,1,4,1,3,4
40,3,3,1,3,5
40,1,3,2,4,4
40,3,3,2,4,4
40,3,4,1,4,4
40,3,3,2,4,4
40,1,4,3,3,3
40,1,4,1,3,4
40,1,4,2,3,4
40,1,4,2,3,4
40,3,3,2,4,4
40,1,4,2,4,3
40,3,3,2,4,4
40,4,4,2,4,4
40,3,4,1,4,4
40,1,4,2,4,4
40,3,3,1,4,5
40,3,3,2,3,4
40,2,4,3,4,5
40,3,3,2,5,4
40,4,4,2,4,4
40,1,4,2,3,4
40,1,4,1,2,4
40,1,5,1,4,3
40,0,4,1,4,4
40,3,3,2,3,4
40,3,2,2,4,4
40,1,4,3,3,3
40,3,3,2,4,4
40,4,3,2,4,4
40,1,4,2,3,4
40,3,2,1,4,4
40,4,3,2,4,4
40,5,3,2,4,5
40,3,3,3,1,0
40,3,3,2,4,4
40,3,4,2,4,5
40,1,4,2,3,3
40,0,4,1,3,3
40,3,3,2,4,4
40,3,3,2,4,4
40,3,3,1,4,4
40,1,3,2,4,4
40,3,4,2,4,4
40,1,5,1,3,4
40,0,4,1,2,4
40,1,4,1,4,5
40,4,3,2,4,5
40,1,5,2,3,3
40,3,2,2,4,5
40,4,3,2,3,3
40,1,4,1,4,3
40,1,4,2,4,5
40,3,2,2,3,4
40,3,3,1,4,4
40,3,3,3,4,4
40,3,3,1,3,4
40,1,4,1,3,3
40,1,4,2,2,4
40,3,3,2,4,5
40,3,3,1,4,4
40,4,3,2,4,4
40,3,4,2,4,5
40,3,3,2,4,4
40,1,4,1,4,4
40,3,3,3,4,3
40,3,3,1,4,4
40,3,3,2,4,4
40,3,3,2,4,4
40,4,3,2,4,4
40,3,3,2,4,5
40,3,4,2,4,4
40,3,3,2,4,5
41,1,3,2,4,4
41,1,4,2,4,4
41,4,3,2,4,4
41,4,3,2,4,5
41,3,3,2,4,5
41,3,3,2,4,5
41,3,3,2,4,4
41,4,3,2,4,4
41,4,3,2,4,3
41,3,4,2,3,4
41,3,4,1,4,5
41,4,3,1,4,4
41,1,4,1,3,4
41,2,3,4,2,0
41,4,3,2,4,4
41,0,4,1,4,4
41,4,4,2,3,4
41,0,4,2,3,3
41,3,3,2,4,4
41,3,3,2,2,1
41,3,2,2,4,4
41,3,3,2,4,4
41,3,3,2,5,4
41,3,3,2,4,4
41,3,4,1,4,5
41,3,3,2,4,5
41,0,4,2,3,4
41,3,2,2,3,5
41,0,4,2,3,4
41,0,4,2,4,4
41,3,2,2,4,3
41,3,2,1,4,5
41,3,3,3,2,0
41,3,4,2,4,4
41,3,3,2,4,4
41,0,4,2,4,4
41,3,3,2,4,5
41,3,3,2,4,4
41,0,5,2,4,4
41,3,4,2,4,4
41,3,3,2,4,4
41,2,5,1,3,4
41,3,3,2,4,4
41,3,3,2,4,5
41,3,3,1,4,4
41,3,3,2,4,3
41,4,3,2,4,5
41,1,4,2,4,3
41,1,5,1,3,4
41,3,3,1,4,4
41,0,4,2,3,4
41,3,3,2,3,5
41,1,4,1,4,4
41,4,4,2,5,4
41,3,3,2,3,5
41,4,3,1,4,5
41,1,4,2,3,4
41,4,3,1,3,4
41,0,4,2,4,4
41,4,3,2,4,4
41,0,4,1,3,4
41,3,3,3,3,4
41,0,4,2,3,4
41,1,4,1,3,4
41,3,2,2,4,4
41,4,3,2,4,4
41,3,3,2,4,4
41,1,3,2,3,4
41,-1,4,2,4,5
41,4,4,3,5,4
41,4,3,2,4,4
41,4,2,2,4,3
41,3,3,2,4,4
41,1,4,2,3,4
41,1,4,2,4,4
41,4,4,2,3,4
41,0,4,1,3,4
41,4,2,2,3,5
41,3,4,1,5,3
41,4,3,1,5,4
41,3,3,2,3,4
41,4,4,2,4,4
41,3,3,2,3,4
41,0,4,2,3,4
41,3,4,2,4,4
41,0,4,2,3,4
41,3,4,1,4,4
41,0,5,1,3,3
42,2,4,3,2,0
42,3,4,2,2,0
42,3,3,3,1,0
42,3,3,4,2,0
42,1,5,1,3,4
42,2,4,3,1,1
42,2,4,3,1,0
42,1,4,2,2,4
42,3,4,3,1,0
42,3,3,3,1,0
42,2,4,4,1,0
42,0,4,2,4,4
42,2,4,4,1,0
42,1,4,2,3,4
42,3,3,3,1,1
42,3,3,4,1,0
42,0,4,2,3,5
42,3,2,2,4,4
42,0,4,2,3,3
42,2,4,3,1,0
42,3,4,3,1,-1
42,3,4,3,1,0
42,1,4,2,4,3
42,1,4,1,3,4
42,3,4,3,2,0
42,2,4,3,2,0
42,4,4,3,1,1
42,1,5,1,4,4
42,3,3,2,4,4
42,3,3,4,1,1
42,-1,3,1,4,4
42,3,3,3,2,0
42,1,4,1,4,4
42,2,3,4,2,0
42,3,3,4,2,0
42,2,3,3,1,0
42,2,4,4,1,0
42,2,4,2,2,-1
42,0,4,1,3,4
42,1,4,2,4,2
42,0,4,1,3,3
42,2,3,3,2,1
42,2,4,3,2,0
42,1,4,2,3,4
42,0,4,2,2,4
42,0,4,2,4,4
42,1,4,1,3,3
42,3,4,3,2,-1
42,2,3,3,2,0
42,0,4,1,3,3
42,3,3,3,2,1
42,0,3,1,3,3
42,3,3,4,2,0
42,2,4,4,1,0
42,0,4,1,3,4
42,2,4,3,2,0
42,3,5,3,1,1
42,1,4,2,3,4
42,1,4,2,3,4
42,1,3,1,3,4
42,3,5,2,1,1
42,2,4,3,1,0
42,2,3,3,1,0
42,3,3,3,1,1
42,1,3,2,3,3
42,3,4,3,2,0
42,2,3,4,2,1
42,2,3,3,2,1
42,2,4,3,2,0
42,3,4,3,1,0
42,2,4,3,2,1
42,2,3,2,2,0
42,2,3,3,2,0
42,3,4,4,0,0
42,3,3,3,2,0
42,3,3,4,2,0
42,1,4,1,3,3
42,3,4,3,2,1
42,0,4,1,4,4
42,1,5,1,3,3
42,2,3,3,1,1
42,0,4,2,3,4
42,1,4,2,3,3
42,3,3,4,1,1
42,3,3,4,2,0
42,2,4,3,2,0
42,3,3,4,1,1
42,3,4,3,2,0
42,0,4,1,4,3
42,3,3,4,0,0
42,1,4,2,3,4
42,3,3,2,1,0
42,3,2,3,2,0
42,3,3,2,2,0
42,3,3,2,4,5
42,3,3,2,4,4
42,2,4,3,1,0
42,1,5,2,4,4
42,2,3,4,2,0
42,3,4,3,2,0
42,3,3,3,3,0
42,3,3,3,2,0
42,1,5,1,3,4
42,1,4,1,3,4
42,3,4,3,2,0
42,2,3,3,1,0
42,0,4,1,4,3
42,3,4,3,2,-1
42,3,3,4,1,0
42,1,5,1,3,3
42,2,3,4,2,1
42,2,3,3,2,1
42,3,4,3,1,0
42,3,3,3,3,0
42,4,3,2,4,5
42,3,4,3,3,1
42,2,3,3,2,1
42,3,3,4,2,0
42,0,4,2,2,5
42,0,4,2,4,4
42,2,3,3,2,0
42,2,4,4,2,0
42,3,4,3,2,0
42,3,3,3,2,1
42,2,3,3,2,0
42,1,4,2,3,4
42,0,4,1,3,4
42,2,3,3,2,0
42,3,4,3,1,1
42,0,4,2,3,4
42,2,4,3,2,0
42,0,4,2,2,5
42,0,5,2,3,4
42,1,5,1,4,4
42,3,4,3,2,-1
42,3,3,3,2,1
42,3,4,3,2,1
42,2,3,3,2,0
42,3,4,3,1,1
42,0,4,2,3,4
42,0,5,1,4,4
42,3,3,3,2,1
42,2,4,3,2,0
43,2,3,4,2,0
43,3,4,4,1,0
43,0,4,1,3,4
43,1,3,1,3,4
43,1,4,2,3,4
43,2,4,3,1,-1
43,4,3,2,4,3
43,0,4,1,3,4
43,2,3,3,1,0
43,2,4,3,1,0
43,3,4,4,1,1
43,2,4,4,1,1
43,1,4,2,2,4
43,3,4,3,1,0
43,0,4,2,3,4
43,3,4,4,1,0
43,0,4,1,2,3
43,3,3,3,1,0
43,4,3,3,2,1
43,2,4,1,4,4
43,2,3,3,2,1
43,2,4,3,1,0
43,3,3,3,1,0
43,1,4,1,4,4
43,3,3,3,1,1
43,3,3,3,1,0
43,3,3,3,2,0
43,2,3,3,2,0
43,3,3,3,1,0
43,0,4,1,3,4
43,1,5,1,3,4
43,2,4,3,2,0
43,3,3,2,4,5
43,3,4,3,1,-1
43,0,4,1,3,4
43,2,4,4,2,0
43,2,4,3,1,1
43,3,3,3,2,-1
43,2,3,3,1,0
43,1,4,1,3,5
43,2,3,4,2,0
43,3,3,3,1,0
43,2,4,2,1,0
43,3,4,3,1,0
43,0,4,1,3,4
43,2,4,3,1,0
43,1,5,2,3,4
43,2,4,3,2,0
43,3,4,3,2,1
43,2,4,3,2,0
43,1,4,1,3,4
43,3,3,3,2,1
43,2,3,3,1,0
43,2,4,2,1,1
43,0,3,1,3,3
43,1,5,2,3,3
43,2,3,3,2,-1
43,3,4,3,1,1
43,1,4,2,3,4
43,2,3,3,2,0
43,2,4,3,2,1
43,3,3,3,1,1
43,3,4,2,2,1
43,3,4,3,1,1
43,2,4,2,2,0
43,1,4,2,4,4
43,2,4,3,3,1
43,3,4,3,2,0
43,0,3,2,3,3
43,3,3,2,2,1
43,3,3,3,2,1
43,2,4,3,2,0
43,0,5,1,3,4
44,2,3,3,2,0
44,0,5,1,3,4
44,0,4,2,3,4
44,3,4,3,2,0
44,1,5,1,3,4
44,3,4,3,2,0
44,3,4,3,2,1
44,3,4,3,2,0
44,3,3,3,3,1
44,3,4,3,2,0
44,2,4,4,1,0
44,2,4,3,2,-1
44,2,3,4,1,1
44,3,3,4,2,0
44,0,5,2,3,3
44,2,4,3,1,0
44,3,3,4,2,1
44,3,3,3,2,0
44,1,4,2,3,4
44,2,3,4,2,1
44,1,4,2,4,4
44,3,3,3,1,1
44,0,4,2,4,4
44,1,4,2,4,3
44,2,3,3,2,-1
44,2,4,3,1,1
44,2,4,3,2,1
44,0,5,2,3,4
44,0,4,2,4,3
44,2,4,3,2,0
44,1,5,1,3,3
44,3,3,2,1,0
44,2,3,4,2,1
44,1,3,1,3,4
44,3,4,3,2,1
44,1,4,2,3,4
44,2,3,3,1,0
44,3,3,2,4,5
44,2,4,3,2,1
44,3,4,3,1,0
44,3,4,3,1,0
44,0,5,1,3,4
44,3,4,4,2,0
44,2,4,3,2,0
44,0,4,1,3,4
44,2,3,2,1,0
44,1,5,1,4,4
44,2,3,3,1,0
44,2,4,4,1,0
44,4,3,2,4,4
44,0,4,1,4,3
44,1,5,1,3,4
44,2,3,3,2,0
44,1,5,2,2,4
44,2,3,4,2,0
44,4,3,2,4,4
44,3,3,4,2,1
44,4,3,2,4,5
44,3,4,3,2,0
44,0,5,2,3,4
44,2,3,3,2,0
44,1,5,2,3,3
44,2,3,3,1,0
44,3,3,4,1,1
44,4,3,3,2,0
44,0,4,1,3,5
44,0,4,1,4,4
44,0,5,1,4,4
44,0,5,2,4,3
44,1,4,1,4,3
44,3,3,2,2,1
44,3,4,3,2,0
44,0,5,2,3,3
44,3,4,3,2,0
44,0,4,2,3,3
44,1,4,2,3,3
44,0,4,2,4,3
44,2,4,3,2,0
44,-1,4,1,2,4
44,3,3,3,0,0
44,3,4,3,2,1
44,0,5,2,4,4
44,1,4,1,4,3
44,2,3,3,1,0
44,1,4,1,3,4
44,3,3,3,3,1
44,3,4,3,2,0
44,3,3,2,1,-1
44,2,3,4,2,1
44,2,3,3,2,1
44,0,4,2,3,4
44,3,3,3,2,0
44,2,3,3,2,0
44,3,3,4,1,0
44,1,4,2,3,4
44,1,4,2,3,4
44,3,3,3,1,0
44,1,3,2,2,4
44,3,4,3,2,0
44,3,3,3,1,1
44,3,4,3,1,0
44,0,4,1,3,4
44,2,4,3,2,1
44,0,4,2,4,4
44,4,4,3,2,0
45,3,3,3,4,4
45,2,3,2,3,4
45,3,3,2,5,4
45,1,5,2,3,4
45,1,4,2,3,4
45,1,4,1,4,4
45,4,3,2,4,4
45,4,3,2,3,5
45,2,3,3,2,1
45,1,5,1,3,4
45,1,4,2,3,4
45,1,4,1,3,4
45,1,4,1,4,4
45,3,4,2,5,4
45,3,3,3,4,5
45,1,4,1,3,5
45,4,2,2,4,4
45,0,3,1,3,3
45,1,4,1,3,4
45,0,4,1,3,4
45,0,4,2,3,3
45,3,3,1,4,4
45,3,3,2,3,4
45,1,4,2,4,3
45,3,2,2,4,4
45,0,4,1,3,4
45,2,5,1,3,4
45,1,4,1,4,3
45,4,3,2,4,4
45,1,4,2,4,4
45,4,3,3,4,4
45,1,4,1,2,4
45,4,3,2,3,3
45,1,3,1,4,4
45,3,3,2,4,4
45,3,2,2,4,5
45,3,3,3,5,4
45,1,4,2,3,4
45,3,3,2,4,5
45,3,3,2,3,4
45,3,3,2,5,4
45,1,4,2,3,4
45,3,4,2,4,5
45,1,4,2,3,4
45,3,3,2,4,4
45,3,3,1,4,4
45,3,3,1,4,3
45,3,3,2,4,4
45,4,4,2,5,5
45,0,5,2,3,4
45,1,5,2,4,5
45,1,4,2,3,4
45,3,2,2,3,5
45,1,5,2,3,4
45,0,4,1,3,3
45,2,3,3,4,5
45,1,4,2,3,5
45,4,2,2,4,4
45,0,4,2,4,4
45,3,3,2,4,5
45,1,4,1,3,4
45,4,4,3,3,5
45,0,4,2,3,3
45,0,4,2,3,4
45,3,4,2,5,4
45,3,4,2,3,4
45,0,4,1,3,4
45,3,3,2,4,4
45,3,4,2,4,4
45,3,3,2,4,4
45,3,3,2,5,4
45,4,3,2,4,5
45,4,3,2,4,5
45,3,2,1,4,5
45,0,3,2,4,3
45,1,3,1,3,4
45,3,3,2,4,4
45,3,3,1,4,4
45,3,3,2,4,5
45,4,3,2,4,4
45,1,4,1,3,4
45,2,4,1,3,3
45,1,4,1,3,4
45,1,4,1,4,3
45,3,3,2,4,4
45,1,4,2,3,4
45,3,3,2,3,4
45,4,3,2,3,5
45,3,3,2,4,4
45,3,3,1,5,4
45,3,2,2,4,5
45,0,4,2,3,4
45,3,4,2,4,5
45,3,3,2,4,4
45,4,2,2,4,4
45,0,4,2,3,3
45,3,2,2,4,4
45,3,4,1,4,5
45,3,3,2,4,4
46,3,4,2,4,4
46,3,3,1,4,4
46,3,3,2,4,4
46,4,3,2,5,4
46,3,3,1,4,4
46,1,4,1,3,4
46,4,4,1,4,4
46,3,3,1,3,4
46,3,4,2,4,4
46,4,3,2,4,5
46,3,2,2,4,4
46,3,3,2,3,4
46,4,3,2,4,4
46,3,3,2,4,5
46,4,2,2,4,4
46,3,3,2,4,4
46,1,4,1,4,4
46,0,4,1,3,4
46,0,4,1,3,4
46,3,3,2,4,4
46,3,3,3,4,4
46,4,4,2,4,4
46,3,4,2,4,4
46,3,3,2,4,5
46,3,3,2,3,4
46,3,3,2,4,5
46,1,4,1,3,4
46,4,3,2,4,3
46,3,3,2,4,4
46,4,3,1,4,4
46,0,5,1,3,4
46,3,3,2,4,5
46,0,4,2,3,4
46,-1,4,0,3,3
46,3,3,0,4,4
46,3,3,2,5,4
46,3,4,2,4,4
46,2,3,2,4,4
46,4,3,2,4,4
46,3,3,3,4,5
46,4,3,2,4,4
46,4,4,2,4,4
46,4,4,2,4,4
46,3,3,2,4,4
46,4,3,2,4,5
46,2,4,3,1,0
46,3,3,2,4,4
46,4,3,1,4,5
46,-1,4,2,4,4
46,3,3,2,4,4
46,0,5,2,4,4
46,1,4,1,3,4
46,3,3,1,4,5
46,3,3,2,4,4
46,1,4,1,4,3
46,2,4,2,4,3
46,4,4,1,3,5
46,1,5,2,3,3
46,3,2,2,5,4
46,3,3,2,4,4
46,3,3,2,3,4
46,1,4,1,3,4
46,3,3,2,4,3
46,1,4,2,4,4
46,3,3,1,3,5
46,0,4,3,4,4
46,2,3,2,4,5
46,1,5,1,3,4
46,3,4,2,4,4
46,0,4,1,2,3
46,3,3,2,4,4
46,3,4,2,3,4
46,0,4,1,3,3
46,3,3,2,4,4
46,3,3,1,4,4
46,4,3,2,3,3
46,4,3,2,4,4
46,2,4,3,1,-1
46,3,3,3,4,4
46,4,4,2,4,5
46,4,3,1,3,4
46,4,3,1,3,5
46,0,4,1,3,4
46,3,4,2,4,4
46,3,3,2,3,4
46,1,4,1,4,3
46,3,3,1,4,4
47,3,3,3,2,0
47,3,3,2,2,0
47,1,5,1,4,4
47,1,5,2,3,4
47,3,4,4,2,0
47,0,4,2,3,4
47,3,4,4,2,-1
47,1,4,2,3,3
47,2,4,3,1,1
47,3,3,3,1,0
47,3,3,3,2,1
47,0,4,2,3,5
47,0,5,2,3,4
47,0,5,1,3,4
47,3,3,2,3,4
47,3,3,4,1,-1
47,3,3,3,2,0
47,3,4,4,2,0
47,2,3,2,2,0
47,2,3,2,1,1
47,1,4,2,3,4
47,3,4,2,1,0
47,2,3,3,2,1
47,3,4,3,2,0
47,3,4,3,2,-1
47,2,4,3,2,1
47,3,3,3,2,0
47,0,4,2,3,4
47,3,4,2,2,0
47,3,4,3,1,0
47,0,4,2,3,3
47,3,4,3,2,1
47,1,5,1,3,3
47,3,3,3,2,0
47,3,4,2,2,0
47,2,4,2,1,0
47,2,4,3,1,0
47,2,3,2,4,4
47,1,4,2,4,4
47,1,3,2,3,4
47,1,4,2,3,5
47,1,4,1,3,3
47,2,3,4,2,0
47,3,3,3,1,1
47,1,4,1,3,3
47,3,3,3,2,0
47,2,4,3,2,0
47,2,3,3,2,0
47,3,3,4,1,0
47,0,5,2,3,4
47,2,4,3,2,0
47,2,3,3,2,1
47,2,4,3,2,0
47,1,4,2,3,4
47,2,3,3,1,0
47,0,4,2,3,3
47,1,4,2,3,3
47,1,4,2,3,4
47,3,4,3,2,0
47,0,5,2,3,3
47,3,3,4,1,0
47,1,4,1,2,4
47,3,3,3,1,1
47,2,3,4,1,0
47,0,4,1,3,4
47,1,4,2,3,4
47,0,5,1,3,4
47,3,4,4,1,1
47,2,4,3,1,0
47,3,3,3,2,1
47,0,5,1,4,4
47,3,3,3,1,0
47,3,4,3,1,0
47,2,4,4,2,1
47,3,4,3,1,0
47,2,3,4,1,0
47,1,4,2,3,4
47,3,3,2,4,4
47,2,3,3,2,0
47,2,3,3,1,0
47,3,2,3,1,1
48,3,4,3,2,0
48,2,3,3,1,0
48,2,4,3,1,-1
48,0,5,2,4,4
48,3,4,4,1,1
48,3,4,3,2,0
48,4,4,3,3,4
48,3,3,3,1,0
48,2,3,3,1,0
48,1,4,1,3,3
48,3,3,3,1,0
48,1,4,1,3,4
48,1,4,1,3,4
48,3,3,4,2,0
48,0,4,2,3,3
48,3,3,2,4,5
48,3,4,3,1,0
48,3,3,4,1,1
48,2,4,3,1,0
48,3,3,3,2,0
48,3,5,3,2,1
48,2,4,3,2,1
48,1,4,1,4,4
48,2,3,3,2,1
48,3,4,3,2,-1
48,1,5,2,3,3
48,2,4,2,1,0
48,2,3,3,1,0
48,1,4,1,4,4
48,2,4,3,1,0
48,2,3,4,1,1
48,3,4,3,2,0
48,1,4,2,4,4
48,3,3,3,1,1
48,2,4,3,1,0
48,3,4,3,2,0
48,3,3,4,1,1
48,2,3,3,2,0
48,0,4,1,3,4
48,2,4,3,1,0
48,2,4,3,2,0
48,3,4,4,2,0
48,1,4,1,3,3
48,1,4,2,3,3
48,1,5,1,3,4
48,3,4,3,2,0
48,3,3,3,2,1
48,1,4,1,3,4
48,3,3,3,2,0
48,2,3,3,2,1
48,3,3,3,1,0
48,0,4,2,3,4
48,0,5,2,3,4
48,2,3,4,2,1
48,2,4,4,1,0
48,2,3,3,2,0
48,2,3,3,1,0
48,1,4,2,3,3
48,1,4,1,4,3
48,3,4,3,2,0
48,1,4,2,3,5
48,2,4,3,2,0
48,3,3,3,2,0
48,0,5,2,4,5
48,3,4,3,1,0
48,2,4,3,1,0
48,2,3,3,1,0
48,3,3,4,2,0
48,2,3,3,2,1
48,1,5,1,3,3
48,4,4,3,2,0
48,3,3,4,2,1
48,0,4,2,3,4
48,2,3,3,1,0
48,3,4,3,2,0
48,3,3,3,1,0
48,3,3,3,2,0
48,2,4,3,2,0
48,3,4,3,2,-1
48,2,4,4,1,0
48,3,3,3,1,0
48,3,3,3,2,1
48,3,4,3,2,1
48,3,4,3,3,0
48,3,3,3,1,0
48,2,4,2,2,0
48,3,4,3,2,0
48,3,4,4,2,0
48,3,4,3,2,0
48,2,4,3,2,1
48,2,3,4,2,1
48,3,4,3,2,0
48,2,3,3,2,1
48,2,4,3,2,0
48,1,5,1,4,3
48,0,5,2,3,4
48,1,5,2,2,4
48,2,3,3,1,1
49,3,3,3,2,0
49,3,3,3,2,0
49,0,4,1,4,3
49,2,4,4,1,1
49,2,4,4,2,0
49,3,3,3,2,0
49,3,4,4,2,0
49,3,4,4,3,0
49,0,4,2,2,3
49,2,3,3,2,0
49,0,4,1,2,4
49,3,4,3,1,1
49,2,4,3,2,0
49,3,4,3,2,1
49,0,4,1,4,4
49,0,5,2,4,4
49,1,3,1,3,3
49,2,4,3,2,0
49,2,2,3,2,0
49,3,3,3,3,0
49,0,4,2,3,4
49,3,4,3,1,1
49,0,4,2,3,4
49,2,4,3,1,0
49,3,4,3,2,1
49,3,4,3,1,0
49,0,4,1,4,4
49,0,4,1,4,4
49,1,4,1,3,4
49,1,4,2,3,4
49,3,3,3,2,0
49,2,4,4,1,0
49,2,3,3,2,0
49,0,4,2,2,3
49,3,3,3,2,0
49,3,4,3,1,1
49,0,5,1,3,4
49,3,4,3,1,0
49,2,4,3,2,1
49,2,4,3,1,0
49,1,5,2,4,5
49,1,4,1,3,4
49,0,4,2,3,4
49,3,3,3,2,0
49,2,4,3,1,0
49,0,4,2,3,3
49,2,4,3,2,0
49,1,4,1,3,4
49,3,4,3,1,0
49,3,3,3,1,0
49,3,3,2,0,-1
49,3,3,4,2,0
49,1,4,1,3,3
49,1,4,2,3,4
49,3,4,3,1,0
49,3,3,3,2,1
49,3,4,3,1,0
49,1,4,2,4,3
49,3,3,3,2,0
49,0,4,1,3,4
49,2,3,3,1,0
49,2,4,3,1,0
49,0,4,2,3,4
49,2,4,3,3,0
49,1,4,1,3,3
49,3,3,3,2,1
49,1,4,1,4,4
49,2,3,4,1,0
49,3,3,4,2,0
49,2,4,3,2,1
49,3,4,2,2,1
49,2,3,3,1,1
49,3,3,4,1,0
49,3,4,4,1,0
49,1,4,2,3,4
49,0,4,1,3,4
49,2,4,4,1,0
49,1,5,2,3,4
49,3,3,2,2,0
49,1,5,2,4,4
49,2,4,3,2,0
49,3,4,3,2,0
49,0,4,1,4,4
49,3,4,3,1,0
49,0,4,1,4,5
49,3,3,3,2,1
49,1,4,2,2,3
49,1,4,2,3,4
49,2,4,3,1,1
49,0,5,2,4,4
49,4,4,3,1,0
49,3,3,3,2,1
49,1,4,1,3,4
49,4,4,3,1,0
49,2,3,4,2,0
49,1,3,2,3,4
49,2,3,3,2,0
49,3,4,3,2,0
49,2,4,3,1,0
49,0,4,1,4,4
49,2,3,3,1,0
49,0,3,0,3,3
50,3,4,2,3,4
50,1,4,2,4,3
50,4,3,2,4,5
50,3,3,2,4,4
50,4,4,2,4,4
50,4,2,3,4,4
50,4,2,2,5,4
50,4,3,2,4,4
50,0,4,1,4,4
50,4,3,2,4,4
50,3,3,3,1,1
50,0,3,1,4,4
50,4,3,2,4,4
50,4,3,2,4,4
50,1,5,1,3,4
50,1,4,2,4,3
50,3,4,2,4,4
50,3,3,2,3,4
50,1,4,2,3,4
50,1,5,1,3,3
50,3,3,2,4,5
50,3,3,2,4,4
50,1,3,2,3,4
50,3,2,2,4,4
50,2,4,1,2,4
50,3,3,2,4,4
50,1,4,1,3,4
50,4,4,2,4,5
50,3,4,3,1,0
50,1,4,2,3,4
50,1,4,2,4,4
50,4,2,2,3,4
50,3,3,2,4,4
50,1,4,1,3,4
50,3,3,2,4,4
50,1,4,2,3,3
50,4,4,2,4,4
50,3,3,2,3,4
50,3,3,2,4,4
50,3,3,2,4,5
50,2,3,2,2,1
50,3,3,2,5,4
50,0,3,2,3,4
50,0,4,1,3,4
50,3,3,3,4,4
50,3,2,2,4,4
50,1,4,1,4,5
50,4,3,1,5,4
50,1,4,1,3,3
50,4,3,2,4,4
50,3,3,1,4,4
50,3,3,2,5,5
50,3,4,2,4,4
50,4,2,2,4,4
50,3,3,2,4,5
50,4,3,2,4,5
50,1,4,1,4,4
50,4,2,3,4,5
50,3,3,2,4,4
50,3,3,2,4,4
50,3,3,2,4,4
50,3,3,3,4,4
50,3,3,2,3,4
50,2,3,2,4,3
50,3,3,2,4,4
50,3,4,1,4,4
50,3,4,3,2,0
50,3,3,1,4,4
50,3,3,2,5,4
50,3,3,3,2,0
50,3,3,1,4,4
50,3,3,2,3,5
50,1,3,2,3,4
50,3,3,1,5,5
50,3,3,2,4,4
50,4,3,2,4,4
50,3,3,1,4,4
50,1,4,3,3,4
50,3,3,2,4,4
50,1,4,2,3,4
50,4,3,2,4,4
50,4,3,2,4,5
50,3,4,1,4,4
50,1,5,1,3,3
50,1,4,1,4,4
50,3,3,2,4,4
50,3,3,2,4,3
50,3,3,2,4,4
50,3,3,2,4,4
50,3,3,1,3,5
50,1,4,2,3,4
50,3,3,3,2,0
50,2,4,4,2,0
50,4,3,2,4,4
50,0,4,1,4,4
50,3,3,2,5,5
50,0,4,1,2,3
50,4,3,2,3,4
50,1,4,2,3,4
